Interne Nr.;Anzeigen-ID;Marke;Modell;Modellbezeichnung;Ausstattungslinie;Zustand;Erstzulassung;Kilometerstand;Leistung (kW);Leistung (PS);Hubraum (ccm);Getriebe;Kraftstoff;Aussenfarbe;Herstellerfarbe;Innenausstattung;Innenfarbe;Tueren;Vorbesitzer;Preis (EUR, brutto);FIN;Erstellt am;Geaendert am;Anzahl Bilder;Titelbild (URL);Alle Bilder (URLs)
B-28;442102724;AUDI;A3;A3 Sportback 35 TDI S-LINE*NAVI*Virtual*LED*18*;35 TDI advanced;Gebraucht;01/2021;85000;110;150;1968;Automatik;Diesel;Gelb;PYTHONGELB;ALCANTARA;Schwarz;4/5;1;21490.00;WAUZZZGY2MA069153;2025-11-22;2026-09-10;19;https://img.classistatic.de/api/v1/mo-prod/images/46/46bd1c36-0bdf-425b-80cd-ccafed79d1b4?rule=mo-640.jpg;https://img.classistatic.de/api/v1/mo-prod/images/46/46bd1c36-0bdf-425b-80cd-ccafed79d1b4?rule=mo-640.jpg | https://img.classistatic.de/api/v1/mo-prod/images/f4/f483cbae-1cfb-42a3-b7e0-0cdef8ce2ceb?rule=mo-640.jpg | https://img.classistatic.de/api/v1/mo-prod/images/c9/c9c89bb4-9562-4baa-9cdb-0a5e606713a0?rule=mo-640.jpg | https://img.classistatic.de/api/v1/mo-prod/images/61/6109a3c9-e22c-4773-88f0-e13b0d72d6e5?rule=mo-640.jpg | https://img.classistatic.de/api/v1/mo-prod/images/50/501b9c43-a20d-4db2-97a0-490a4cab89b7?rule=mo-640.jpg | https://img.classistatic.de/api/v1/mo-prod/images/60/6011b574-4913-43cc-b981-1ca9ff8baa2f?rule=mo-640.jpg | https://img.classistatic.de/api/v1/mo-prod/images/e8/e835a539-a06f-4d3e-a838-487bb2d087b9?rule=mo-640.jpg | https://img.classistatic.de/api/v1/mo-prod/images/63/631c4282-7223-4f59-8842-995846849a0c?rule=mo-640.jpg | https://img.classistatic.de/api/v1/mo-prod/images/2f/2f2e3213-abc6-482e-bbf6-83a5dd9f7513?rule=mo-640.jpg | https://img.classistatic.de/api/v1/mo-prod/images/83/83a30a0a-5938-40af-9ec7-b02606a9c7a6?rule=mo-640.jpg | https://img.classistatic.de/api/v1/mo-prod/images/32/32bbba7b-6dc8-443e-83e6-af7b6e9536ec?rule=mo-640.jpg | https://img.classistatic.de/api/v1/mo-prod/images/58/58bfd8ad-d5b5-438e-870d-bf7584724eb3?rule=mo-640.jpg | https://img.classistatic.de/api/v1/mo-prod/images/4d/4da88869-1645-4e79-8438-3a9e0ad3867f?rule=mo-640.jpg | https://img.classistatic.de/api/v1/mo-prod/images/59/59027c4a-87bb-4a23-b260-65415481ef95?rule=mo-640.jpg | https://img.classistatic.de/api/v1/mo-prod/images/a2/a2d71b8f-318c-4730-bb6b-38f0ea5ed262?rule=mo-640.jpg | https://img.classistatic.de/api/v1/mo-prod/images/ee/eedb06e4-1af7-4522-85ce-f41e6dcaf02f?rule=mo-640.jpg | https://img.classistatic.de/api/v1/mo-prod/images/90/90603adc-4df3-4631-98f7-14777c8ab030?rule=mo-640.jpg | https://img.classistatic.de/api/v1/mo-prod/images/1e/1e8bdea8-0cf0-4fa8-a20b-4bc4780cc9d9?rule=mo-640.jpg | https://img.classistatic.de/api/v1/mo-prod/images/db/db757d72-b85d-4bb3-8780-9bdff7c9d14a?rule=mo-640.jpg
B-147;43430627640032;AUDI;A4;A4 Avant 40 TDI*Teilleder*LaneAssist*LED;edition one;Gebraucht;05/2019;88500;140;190;1968;Automatik;Diesel;Schwarz;BRILLANTSCHWARZ;ALCANTARA;Schwarz;4/5;2;20490.00;WAUZZZF49KA074457;2026-09-03;2026-09-10;30;https://img.classistatic.de/api/v1/mo-prod/images/30/308f3326-46b3-4909-9e44-e29272538fdd?rule=mo-640.jpg;https://img.classistatic.de/api/v1/mo-prod/images/30/308f3326-46b3-4909-9e44-e29272538fdd?rule=mo-640.jpg | https://img.classistatic.de/api/v1/mo-prod/images/0a/0aef80c4-66a3-496d-b0c3-d2733c77dfec?rule=mo-640.jpg | https://img.classistatic.de/api/v1/mo-prod/images/63/63342df1-1c3b-4f38-9567-d5abdcc31f3d?rule=mo-640.jpg | https://img.classistatic.de/api/v1/mo-prod/images/dc/dc43ad72-1013-4456-8f30-6e99986275ac?rule=mo-640.jpg | https://img.classistatic.de/api/v1/mo-prod/images/a7/a7e5691c-3ecb-45ed-8d7e-77c0a3a467bb?rule=mo-640.jpg | https://img.classistatic.de/api/v1/mo-prod/images/92/9262d4cf-3336-496e-9abe-37cf424f93ef?rule=mo-640.jpg | https://img.classistatic.de/api/v1/mo-prod/images/6f/6fa2a392-0984-412f-b34d-897f758b8dcd?rule=mo-640.jpg | https://img.classistatic.de/api/v1/mo-prod/images/74/74ff7987-3136-4502-b737-03611fe828d7?rule=mo-640.jpg | https://img.classistatic.de/api/v1/mo-prod/images/51/51a81ccf-d2b5-4cfd-8130-2bc6041f495a?rule=mo-640.jpg | https://img.classistatic.de/api/v1/mo-prod/images/de/dec7e064-61d0-4e56-bf09-5edf1c559d41?rule=mo-640.jpg | https://img.classistatic.de/api/v1/mo-prod/images/a2/a2f4fbc0-25c1-406e-bcd8-9cc55c099787?rule=mo-640.jpg | https://img.classistatic.de/api/v1/mo-prod/images/4e/4e4a7f37-f06e-443d-a2ef-75ac91598977?rule=mo-640.jpg | https://img.classistatic.de/api/v1/mo-prod/images/38/383809c8-c40e-461a-b493-126803c709f2?rule=mo-640.jpg | https://img.classistatic.de/api/v1/mo-prod/images/e8/e8074091-0e8d-47e3-b6d6-1aa2b8a98397?rule=mo-640.jpg | https://img.classistatic.de/api/v1/mo-prod/images/8d/8d3a4fe9-9917-43f8-9cf8-859d8d6c6d04?rule=mo-640.jpg | https://img.classistatic.de/api/v1/mo-prod/images/fc/fc6dfeb6-b695-4dba-88bc-b240cab4c432?rule=mo-640.jpg | https://img.classistatic.de/api/v1/mo-prod/images/b9/b99d40dd-16c7-4b13-9943-67090ce3a981?rule=mo-640.jpg | https://img.classistatic.de/api/v1/mo-prod/images/60/609cdd34-929c-4c43-861b-5ebc10c56568?rule=mo-640.jpg | https://img.classistatic.de/api/v1/mo-prod/images/b7/b7fecc22-52a9-46dc-b04f-33edad47aeb9?rule=mo-640.jpg | https://img.classistatic.de/api/v1/mo-prod/images/cd/cd5b6db2-59e4-47d7-bf4c-1e5a517563df?rule=mo-640.jpg | https://img.classistatic.de/api/v1/mo-prod/images/d4/d44bd7dc-c631-42e7-86ce-69be058ff631?rule=mo-640.jpg | https://img.classistatic.de/api/v1/mo-prod/images/b4/b4636904-6d91-45fd-bf3b-bc151350ed2d?rule=mo-640.jpg | https://img.classistatic.de/api/v1/mo-prod/images/1e/1e2ed320-ab2a-4fee-9785-b78f324d9562?rule=mo-640.jpg | https://img.classistatic.de/api/v1/mo-prod/images/97/977f3014-9396-4adc-9cbc-64ae761c393e?rule=mo-640.jpg | https://img.classistatic.de/api/v1/mo-prod/images/8c/8c2abebc-4768-4c39-a345-5ce94b847891?rule=mo-640.jpg | https://img.classistatic.de/api/v1/mo-prod/images/bd/bdca2f17-8454-43a4-ad75-53a474ec0346?rule=mo-640.jpg | https://img.classistatic.de/api/v1/mo-prod/images/cf/cf2c53f3-66c8-491e-990d-cad349c4ce0f?rule=mo-640.jpg | https://img.classistatic.de/api/v1/mo-prod/images/1f/1f59c1e6-1122-4586-8a45-c36597e83df7?rule=mo-640.jpg | https://img.classistatic.de/api/v1/mo-prod/images/e8/e8dc1314-60c5-4cc0-a38f-f68143f96464?rule=mo-640.jpg | https://img.classistatic.de/api/v1/mo-prod/images/68/68c1bec7-6501-4346-a961-7d40347e2469?rule=mo-640.jpg
B-101;450737158;AUDI;A4;A4 Avant *S-Line*LED*ALCANTARA;sport;Gebraucht;01/2017;58000;110;150;1968;Schaltgetriebe;Diesel;Silber;Florettsilber Metallic;ALCANTARA;Schwarz;4/5;1;17390.00;WAUZZZF41HA087812;2026-03-19;2026-09-08;1;https://img.classistatic.de/api/v1/mo-prod/images/6e/6e1156cd-0650-487b-85a6-d7299b2566df?rule=mo-640.jpg;https://img.classistatic.de/api/v1/mo-prod/images/6e/6e1156cd-0650-487b-85a6-d7299b2566df?rule=mo-640.jpg
B-149;44648854774816;AUDI;A5;A5 Sportback quattro*ALCANTARA*VIRTUAL-COCKPIT;sport;Gebraucht;05/2018;91000;185;252;1984;Automatik;Benzin;Silber;Florettsilber Metallic;ALCANTARA;Schwarz;4/5;2;21990.00;WAUZZZF51JA063492;2026-09-10;2026-09-10;2;https://img.classistatic.de/api/v1/mo-prod/images/58/583afddf-ba92-44bd-b67d-f6171b6c81e2?rule=mo-640.jpg;https://img.classistatic.de/api/v1/mo-prod/images/58/583afddf-ba92-44bd-b67d-f6171b6c81e2?rule=mo-640.jpg | https://img.classistatic.de/api/v1/mo-prod/images/68/68c1bec7-6501-4346-a961-7d40347e2469?rule=mo-640.jpg
B-53;449159141;AUDI;A5;A5 Sportback 40 TDI quattro*ALCANTARA*LED*S-Line;S line;Gebraucht;08/2022;86000;150;204;1968;Automatik;Diesel;Schwarz;BRILLANTSCHWARZ;ALCANTARA;Schwarz;4/5;2;26490.00;WAUZZZF52PA002919;2026-03-02;2026-08-21;20;https://img.classistatic.de/api/v1/mo-prod/images/06/064b9939-bf8e-4274-8c97-e0065d322193?rule=mo-640.jpg;https://img.classistatic.de/api/v1/mo-prod/images/06/064b9939-bf8e-4274-8c97-e0065d322193?rule=mo-640.jpg | https://img.classistatic.de/api/v1/mo-prod/images/d1/d12f555e-b63f-46da-8bf2-9ca393e46937?rule=mo-640.jpg | https://img.classistatic.de/api/v1/mo-prod/images/54/54fae0fd-e3e1-4e7f-bce1-f17b447d1607?rule=mo-640.jpg | https://img.classistatic.de/api/v1/mo-prod/images/02/0293384e-a43d-47a6-a7c8-efef9cf66023?rule=mo-640.jpg | https://img.classistatic.de/api/v1/mo-prod/images/ff/ff13f05a-7ff8-4001-9782-e4cd9aea571e?rule=mo-640.jpg | https://img.classistatic.de/api/v1/mo-prod/images/07/072a56b2-bb9d-4041-824d-63973feacbbf?rule=mo-640.jpg | https://img.classistatic.de/api/v1/mo-prod/images/5d/5dcf6872-b17a-488e-b05a-6961bbb08e24?rule=mo-640.jpg | https://img.classistatic.de/api/v1/mo-prod/images/f8/f8d3428d-7ec6-4b66-8685-3fc3c89d2d40?rule=mo-640.jpg | https://img.classistatic.de/api/v1/mo-prod/images/f7/f7bb7172-f977-481a-9704-a449ed907739?rule=mo-640.jpg | https://img.classistatic.de/api/v1/mo-prod/images/85/85615a54-d443-4544-b8a3-137c3a959263?rule=mo-640.jpg | https://img.classistatic.de/api/v1/mo-prod/images/67/6777b1da-5d6a-45a2-92ff-cbf251c96c95?rule=mo-640.jpg | https://img.classistatic.de/api/v1/mo-prod/images/aa/aa31a8d5-8fcc-4751-aa96-c4e79e2c8e52?rule=mo-640.jpg | https://img.classistatic.de/api/v1/mo-prod/images/cf/cfe60a75-14e5-488e-a241-43a9163aad11?rule=mo-640.jpg | https://img.classistatic.de/api/v1/mo-prod/images/e6/e666c492-c6cb-42ee-be76-494095bc9a75?rule=mo-640.jpg | https://img.classistatic.de/api/v1/mo-prod/images/54/54968692-593b-4aef-9979-40ce66c44357?rule=mo-640.jpg | https://img.classistatic.de/api/v1/mo-prod/images/2f/2f1a18b2-5c89-4c13-9118-a2b23ab07bc5?rule=mo-640.jpg | https://img.classistatic.de/api/v1/mo-prod/images/b0/b042ed08-ca9a-4bf2-8f4c-5cda3f1505f0?rule=mo-640.jpg | https://img.classistatic.de/api/v1/mo-prod/images/50/501accdb-1740-4550-b459-b08c4cd8b072?rule=mo-640.jpg | https://img.classistatic.de/api/v1/mo-prod/images/f8/f89f2d64-552f-4801-8879-501f4c6fea00?rule=mo-640.jpg | https://img.classistatic.de/api/v1/mo-prod/images/50/50ba8b0f-fa10-498e-96ea-47a54fb1a889?rule=mo-640.jpg
B-131;460685988;AUDI;A5;A5 Coupe 2.0 TFSI quattro;2.0 TFSI quattro (165kW);Gebraucht;11/2014;105000;165;224;1984;Automatik;Benzin;Weiss;GLETSCHERWEISS;ALCANTARA;Schwarz;2/3;3;16490.00;WAUZZZ8T0EA032462;2026-07-15;2026-09-08;25;https://img.classistatic.de/api/v1/mo-prod/images/d6/d61df510-94b1-4419-be26-06005c065725?rule=mo-640.jpg;https://img.classistatic.de/api/v1/mo-prod/images/d6/d61df510-94b1-4419-be26-06005c065725?rule=mo-640.jpg | https://img.classistatic.de/api/v1/mo-prod/images/eb/eba72fb0-7fb2-4a3f-8491-3cf20f70e655?rule=mo-640.jpg | https://img.classistatic.de/api/v1/mo-prod/images/5b/5b412189-2518-4c50-9a6c-afd084fe4461?rule=mo-640.jpg | https://img.classistatic.de/api/v1/mo-prod/images/0b/0bda0aa0-2d8d-4ac0-8ece-c0dd86a015cf?rule=mo-640.jpg | https://img.classistatic.de/api/v1/mo-prod/images/bd/bd25618f-5403-44a8-90e0-e37f42b757c2?rule=mo-640.jpg | https://img.classistatic.de/api/v1/mo-prod/images/dc/dcc942a6-3790-47d2-a830-e011c106cc50?rule=mo-640.jpg | https://img.classistatic.de/api/v1/mo-prod/images/6d/6da4a461-ca13-4162-9b54-0aa8cbf68e6f?rule=mo-640.jpg | https://img.classistatic.de/api/v1/mo-prod/images/9e/9e09829c-c574-4b9b-a5bd-8faa4c50cabe?rule=mo-640.jpg | https://img.classistatic.de/api/v1/mo-prod/images/48/48872bc7-4ab5-4bc1-84d2-5781a4f44fea?rule=mo-640.jpg | https://img.classistatic.de/api/v1/mo-prod/images/07/0763c6a0-4bce-4ef1-af0e-eb80bebf0281?rule=mo-640.jpg | https://img.classistatic.de/api/v1/mo-prod/images/30/3025b965-ae9f-4d54-aab1-1596e70d2831?rule=mo-640.jpg | https://img.classistatic.de/api/v1/mo-prod/images/de/de1a66cc-9c8b-4bba-9068-dd0d52db4b0e?rule=mo-640.jpg | https://img.classistatic.de/api/v1/mo-prod/images/c3/c3f5a199-82f8-4be2-a672-2a52b89b6bf9?rule=mo-640.jpg | https://img.classistatic.de/api/v1/mo-prod/images/3c/3c173712-fbe7-4792-ba02-bd5635983d78?rule=mo-640.jpg | https://img.classistatic.de/api/v1/mo-prod/images/be/bea29c41-3738-44a6-85f9-de48f3fb7085?rule=mo-640.jpg | https://img.classistatic.de/api/v1/mo-prod/images/86/8645973c-290a-49ec-8241-97d030210807?rule=mo-640.jpg | https://img.classistatic.de/api/v1/mo-prod/images/92/92afb834-9386-4aab-9150-958fea149c67?rule=mo-640.jpg | https://img.classistatic.de/api/v1/mo-prod/images/0f/0f417d38-1d54-45f2-bbf2-3508010c4876?rule=mo-640.jpg | https://img.classistatic.de/api/v1/mo-prod/images/49/493bd23b-1fd7-45ed-985f-bea02ae3db48?rule=mo-640.jpg | https://img.classistatic.de/api/v1/mo-prod/images/ad/ad5c57c0-ea2d-46bf-b6e2-6650f6b6e565?rule=mo-640.jpg | https://img.classistatic.de/api/v1/mo-prod/images/17/1742f11b-63f5-4bc3-8cfb-baa4f4102ed1?rule=mo-640.jpg | https://img.classistatic.de/api/v1/mo-prod/images/91/918f46f2-3602-41a4-8a1c-65637b7f4514?rule=mo-640.jpg | https://img.classistatic.de/api/v1/mo-prod/images/b3/b351ee7b-b306-45e9-a03b-69f9e6d7a49a?rule=mo-640.jpg | https://img.classistatic.de/api/v1/mo-prod/images/93/938b7e5c-9648-4f5a-9c94-fec93ce5dbed?rule=mo-640.jpg | https://img.classistatic.de/api/v1/mo-prod/images/db/db757d72-b85d-4bb3-8780-9bdff7c9d14a?rule=mo-640.jpg
;456779729;HARLEY DAVIDSON;;Street Glide;;Gebraucht;05/2011;55000;62;84;1690;Schaltgetriebe;Benzin;Schwarz;;;;;2;13990.00;;2026-05-27;2026-09-03;14;https://img.classistatic.de/api/v1/mo-prod/images/c1/c1ebf3f2-6f18-429f-8548-6cf7cab613a3?rule=mo-640.jpg;https://img.classistatic.de/api/v1/mo-prod/images/c1/c1ebf3f2-6f18-429f-8548-6cf7cab613a3?rule=mo-640.jpg | https://img.classistatic.de/api/v1/mo-prod/images/ea/ea3fe23d-74f3-48e0-8cc4-921047147e5c?rule=mo-640.jpg | https://img.classistatic.de/api/v1/mo-prod/images/92/92402f5b-7617-405a-8109-b16b65403417?rule=mo-640.jpg | https://img.classistatic.de/api/v1/mo-prod/images/c7/c7738bb2-d1ee-45b2-80ad-a6a438d36dcc?rule=mo-640.jpg | https://img.classistatic.de/api/v1/mo-prod/images/22/2276d20d-2627-41ad-8248-6a54bbea873b?rule=mo-640.jpg | https://img.classistatic.de/api/v1/mo-prod/images/ef/ef1e3172-a32f-4780-bf1e-409ef541b722?rule=mo-640.jpg | https://img.classistatic.de/api/v1/mo-prod/images/9e/9e782e4b-5b79-4aa1-9143-029b9c4b6511?rule=mo-640.jpg | https://img.classistatic.de/api/v1/mo-prod/images/fe/fe335dd6-09b3-4385-a10d-9e1a1ec60568?rule=mo-640.jpg | https://img.classistatic.de/api/v1/mo-prod/images/89/899d49d1-ff48-41c8-a156-c43a44c60661?rule=mo-640.jpg | https://img.classistatic.de/api/v1/mo-prod/images/1f/1f32fc9c-bf0f-4c0d-abf9-342aa4901c8b?rule=mo-640.jpg | https://img.classistatic.de/api/v1/mo-prod/images/e8/e81cef37-7b74-495e-89b0-34f1bbe89a74?rule=mo-640.jpg | https://img.classistatic.de/api/v1/mo-prod/images/34/34821735-1f31-45f2-b0bf-1bc0241dfec2?rule=mo-640.jpg | https://img.classistatic.de/api/v1/mo-prod/images/e3/e396fa8e-69af-4110-ba3a-65f839c9b063?rule=mo-640.jpg | https://img.classistatic.de/api/v1/mo-prod/images/5e/5ed412f1-14f1-4b39-9cf3-fbe3011d609d?rule=mo-640.jpg
;457140556;HARLEY DAVIDSON;;FLSTF;;Gebraucht;07/2013;13000;58;79;1690;Schaltgetriebe;Benzin;Schwarz;;;;;2;12990.00;;2026-06-01;2026-09-02;11;https://img.classistatic.de/api/v1/mo-prod/images/59/59d61ef9-4549-411e-ae82-a57f0343235b?rule=mo-640.jpg;https://img.classistatic.de/api/v1/mo-prod/images/59/59d61ef9-4549-411e-ae82-a57f0343235b?rule=mo-640.jpg | https://img.classistatic.de/api/v1/mo-prod/images/24/24cae8de-4a68-48d9-ac5d-905d0cef61ea?rule=mo-640.jpg | https://img.classistatic.de/api/v1/mo-prod/images/f3/f3f85b4d-5f9b-4da6-b586-f7e1a721db61?rule=mo-640.jpg | https://img.classistatic.de/api/v1/mo-prod/images/57/57421d4f-7fec-4960-bb63-d8326206d6c7?rule=mo-640.jpg | https://img.classistatic.de/api/v1/mo-prod/images/77/772a5697-a180-4ee4-a285-dd7e5403ff9e?rule=mo-640.jpg | https://img.classistatic.de/api/v1/mo-prod/images/00/00dfe6ae-4bf8-4ed8-86da-524429f53d86?rule=mo-640.jpg | https://img.classistatic.de/api/v1/mo-prod/images/52/52e24390-dbaf-4cf3-8fb5-1fa5a4e50415?rule=mo-640.jpg | https://img.classistatic.de/api/v1/mo-prod/images/e7/e718e718-127e-44e0-b233-6d5ec567294c?rule=mo-640.jpg | https://img.classistatic.de/api/v1/mo-prod/images/22/229e4f6c-8c06-46ea-a36e-fe0b18c03f3a?rule=mo-640.jpg | https://img.classistatic.de/api/v1/mo-prod/images/3b/3bd33f68-94de-4672-9fd0-a9ba9887f37f?rule=mo-640.jpg | https://img.classistatic.de/api/v1/mo-prod/images/a1/a10ca215-3fca-408e-bb9a-3f6e25c91905?rule=mo-640.jpg
;458315085;MERCEDES-BENZ;E 300;E 300 E Limousine E 300 de;AMG Line;Gebraucht;10/2021;124000;143;194;1950;Automatik;Hybrid (Diesel);Grau;GRAPHITGRAU;PARTIAL_LEATHER;Schwarz;4/5;2;30489.99;W1K2130161A984651;2026-06-15;2026-09-10;26;https://img.classistatic.de/api/v1/mo-prod/images/67/676efea5-cb4a-4180-8f92-8052aabc72d5?rule=mo-640.jpg;https://img.classistatic.de/api/v1/mo-prod/images/67/676efea5-cb4a-4180-8f92-8052aabc72d5?rule=mo-640.jpg | https://img.classistatic.de/api/v1/mo-prod/images/70/704ce398-0b9c-4eeb-afe8-beec603ce642?rule=mo-640.jpg | https://img.classistatic.de/api/v1/mo-prod/images/57/572e597d-6775-42bf-a857-bbc632434c16?rule=mo-640.jpg | https://img.classistatic.de/api/v1/mo-prod/images/26/26cf4010-fa77-46d0-9b30-0180b0b34bab?rule=mo-640.jpg | https://img.classistatic.de/api/v1/mo-prod/images/b7/b7eb4f9f-0cb0-49f1-8452-4cda00a22097?rule=mo-640.jpg | https://img.classistatic.de/api/v1/mo-prod/images/bb/bbb28ada-0c33-4eb4-8465-44561dbe7fed?rule=mo-640.jpg | https://img.classistatic.de/api/v1/mo-prod/images/9b/9bdd8898-8a46-448d-ae02-5569d93b44d0?rule=mo-640.jpg | https://img.classistatic.de/api/v1/mo-prod/images/01/013f88dc-8230-4b09-b5fe-92b86f766870?rule=mo-640.jpg | https://img.classistatic.de/api/v1/mo-prod/images/a1/a16cb60f-878b-450f-92eb-ef224ca624ee?rule=mo-640.jpg | https://img.classistatic.de/api/v1/mo-prod/images/24/24855b31-af3e-4c3b-85a9-cf14605bf794?rule=mo-640.jpg | https://img.classistatic.de/api/v1/mo-prod/images/35/352102fc-afca-438f-81c2-dac72898631c?rule=mo-640.jpg | https://img.classistatic.de/api/v1/mo-prod/images/7f/7f7b7d10-b83d-47d9-87be-db8deef53f62?rule=mo-640.jpg | https://img.classistatic.de/api/v1/mo-prod/images/e8/e8050292-15eb-49c8-928a-015ab2c2e034?rule=mo-640.jpg | https://img.classistatic.de/api/v1/mo-prod/images/ea/ea84f6b3-dc83-408b-91b8-fba9b5f55c12?rule=mo-640.jpg | https://img.classistatic.de/api/v1/mo-prod/images/80/80534cf6-b8d6-4c4e-881b-13ae3071d1df?rule=mo-640.jpg | https://img.classistatic.de/api/v1/mo-prod/images/22/224846a5-9802-4686-87a5-6005490d348c?rule=mo-640.jpg | https://img.classistatic.de/api/v1/mo-prod/images/28/28508258-dfb4-49c4-89db-18eaeb52ced4?rule=mo-640.jpg | https://img.classistatic.de/api/v1/mo-prod/images/d3/d34aec51-fb81-41bd-92a2-801f9f67c4a1?rule=mo-640.jpg | https://img.classistatic.de/api/v1/mo-prod/images/75/754617a9-71ff-4f1e-b820-ee1bb24137fc?rule=mo-640.jpg | https://img.classistatic.de/api/v1/mo-prod/images/aa/aaf04706-7388-41af-a3d5-f78aa78d1f5c?rule=mo-640.jpg | https://img.classistatic.de/api/v1/mo-prod/images/1f/1f9a116a-8252-4196-94e5-50ee7bc0c192?rule=mo-640.jpg | https://img.classistatic.de/api/v1/mo-prod/images/8c/8c36fdb1-9994-4035-8500-9e0a255680d8?rule=mo-640.jpg | https://img.classistatic.de/api/v1/mo-prod/images/23/23a8719c-647c-4b48-97d7-062853d09025?rule=mo-640.jpg | https://img.classistatic.de/api/v1/mo-prod/images/c9/c9ffcf9e-9783-47d9-81e9-2433c891ce78?rule=mo-640.jpg | https://img.classistatic.de/api/v1/mo-prod/images/43/438a1633-3882-412c-a592-908416207777?rule=mo-640.jpg | https://img.classistatic.de/api/v1/mo-prod/images/dc/dc0a7b00-8bfc-4e5d-a55f-6b4d3e9cbda3?rule=mo-640.jpg
;460713083;MERCEDES-BENZ;E 53 AMG;E 53 AMG E Coupe E 53 AMG 4Matic;Standard;Gebraucht;02/2019;133000;320;435;2999;Automatik;Benzin;Schwarz;SCHWARZ/BALTIC BLACK;LEATHER;Schwarz;2/3;1;43990.00;WDD2383611F100255;2026-07-15;2026-09-08;1;https://img.classistatic.de/api/v1/mo-prod/images/6e/6e1156cd-0650-487b-85a6-d7299b2566df?rule=mo-640.jpg;https://img.classistatic.de/api/v1/mo-prod/images/6e/6e1156cd-0650-487b-85a6-d7299b2566df?rule=mo-640.jpg
B-146;42875419660800;SEAT;Alhambra;Alhambra*7Sitze*ISOFIX*AHK;Reference;Gebraucht;05/2018;95000;110;150;1968;Schaltgetriebe;Diesel;Weiss;Rein Weiss;FABRIC;Grau;4/5;2;18490.00;VSSZZZ7NZJV523418;2026-08-31;2026-09-02;32;https://img.classistatic.de/api/v1/mo-prod/images/ee/ee343e61-0c35-4a54-bcd8-33c4bc3f40d3?rule=mo-640.jpg;https://img.classistatic.de/api/v1/mo-prod/images/ee/ee343e61-0c35-4a54-bcd8-33c4bc3f40d3?rule=mo-640.jpg | https://img.classistatic.de/api/v1/mo-prod/images/8a/8ac8fa43-f4f8-40b3-b975-e4ae075e3639?rule=mo-640.jpg | https://img.classistatic.de/api/v1/mo-prod/images/33/33a99301-dc43-41ff-9401-59f12b51d0b4?rule=mo-640.jpg | https://img.classistatic.de/api/v1/mo-prod/images/2b/2bab91fd-2b40-4716-a410-4f8368b5b7fa?rule=mo-640.jpg | https://img.classistatic.de/api/v1/mo-prod/images/71/717786be-5215-4692-bdda-0b86a465c5a0?rule=mo-640.jpg | https://img.classistatic.de/api/v1/mo-prod/images/8f/8fcd3067-095f-4b35-8007-573da5f153a1?rule=mo-640.jpg | https://img.classistatic.de/api/v1/mo-prod/images/66/667927f9-fd8c-4870-9dc2-c59a900e9b0b?rule=mo-640.jpg | https://img.classistatic.de/api/v1/mo-prod/images/22/22f39f1d-7a9c-4679-85be-5b20d04c4d09?rule=mo-640.jpg | https://img.classistatic.de/api/v1/mo-prod/images/5a/5a1f28bb-418d-4a5e-a43e-1e8785f8e229?rule=mo-640.jpg | https://img.classistatic.de/api/v1/mo-prod/images/df/df74708d-b530-4416-a13a-48c029dba55e?rule=mo-640.jpg | https://img.classistatic.de/api/v1/mo-prod/images/a8/a88beb9e-0d01-4362-850a-83e3d43b21c1?rule=mo-640.jpg | https://img.classistatic.de/api/v1/mo-prod/images/51/51c3d9bb-30ec-4148-ab10-41ffa7aec272?rule=mo-640.jpg | https://img.classistatic.de/api/v1/mo-prod/images/e0/e0ecdfa7-c11a-475f-8f3b-6f62a6c850af?rule=mo-640.jpg | https://img.classistatic.de/api/v1/mo-prod/images/78/78d2dc35-a2da-4da8-85a6-5698f6f682e5?rule=mo-640.jpg | https://img.classistatic.de/api/v1/mo-prod/images/65/65fb233b-f4d5-4098-a84b-e72a12c75b74?rule=mo-640.jpg | https://img.classistatic.de/api/v1/mo-prod/images/40/403e87c7-ebfd-499b-8d3e-4bac1c3f4674?rule=mo-640.jpg | https://img.classistatic.de/api/v1/mo-prod/images/07/07c85a64-6d1f-48c2-a04f-f589091258a7?rule=mo-640.jpg | https://img.classistatic.de/api/v1/mo-prod/images/2c/2c2219f4-82ec-42fe-9792-a2d458ef0f1d?rule=mo-640.jpg | https://img.classistatic.de/api/v1/mo-prod/images/49/494927a7-fe6f-453c-a194-e54c805adcdf?rule=mo-640.jpg | https://img.classistatic.de/api/v1/mo-prod/images/92/92b672e8-b507-4c23-a457-06cbadd77a03?rule=mo-640.jpg | https://img.classistatic.de/api/v1/mo-prod/images/7e/7eb6b8c9-b968-48d5-9f79-c94d0f695a03?rule=mo-640.jpg | https://img.classistatic.de/api/v1/mo-prod/images/4c/4cb7db48-5566-4c4d-b41b-09c653683021?rule=mo-640.jpg | https://img.classistatic.de/api/v1/mo-prod/images/8c/8c05abec-244b-45c5-8b43-d376d2003f9d?rule=mo-640.jpg | https://img.classistatic.de/api/v1/mo-prod/images/d4/d443a997-05e6-4f59-8ebd-3e6e886a8fdd?rule=mo-640.jpg | https://img.classistatic.de/api/v1/mo-prod/images/6c/6c5d8cee-6ba9-4cf7-8113-464ba5669474?rule=mo-640.jpg | https://img.classistatic.de/api/v1/mo-prod/images/58/588ca3a4-f996-46b7-9cb7-34068d46cf9e?rule=mo-640.jpg | https://img.classistatic.de/api/v1/mo-prod/images/e1/e11ed63a-81a8-43ae-a4b2-cdc4ddb70a54?rule=mo-640.jpg | https://img.classistatic.de/api/v1/mo-prod/images/cb/cb45953a-054b-434a-bc78-36b25e2985b8?rule=mo-640.jpg | https://img.classistatic.de/api/v1/mo-prod/images/79/7969b8c0-2959-484f-a938-497d26f9e6be?rule=mo-640.jpg | https://img.classistatic.de/api/v1/mo-prod/images/89/89ef3448-d09d-4b7c-8375-3043b474492d?rule=mo-640.jpg | https://img.classistatic.de/api/v1/mo-prod/images/b5/b5392a76-efe1-4f8e-859d-5146b62dfb6d?rule=mo-640.jpg | https://img.classistatic.de/api/v1/mo-prod/images/68/68c1bec7-6501-4346-a961-7d40347e2469?rule=mo-640.jpg
B-76;450461056;SEAT;Leon;Leon ST 1.5  NUR EXPORT;Style;Gebraucht;07/2019;70000;96;131;1498;Automatik;Benzin;Schwarz;Mitternachtsschwarz;LEATHER;Schwarz;4/5;2;10490.00;VSSZZZ5FZKR122166;2026-03-16;2026-09-08;24;https://img.classistatic.de/api/v1/mo-prod/images/b0/b0d4f50f-93dc-4a8d-848f-7045fc860920?rule=mo-640.jpg;https://img.classistatic.de/api/v1/mo-prod/images/b0/b0d4f50f-93dc-4a8d-848f-7045fc860920?rule=mo-640.jpg | https://img.classistatic.de/api/v1/mo-prod/images/17/178d6dcd-95a0-401a-b7c8-5da0ba3fd4b1?rule=mo-640.jpg | https://img.classistatic.de/api/v1/mo-prod/images/f9/f9f97460-997f-4e14-aa83-25330c6defbf?rule=mo-640.jpg | https://img.classistatic.de/api/v1/mo-prod/images/c2/c2cb035e-db96-415c-8eb7-98aaf97a93c4?rule=mo-640.jpg | https://img.classistatic.de/api/v1/mo-prod/images/be/be2ce093-f922-4253-9f0e-080fa7ae442f?rule=mo-640.jpg | https://img.classistatic.de/api/v1/mo-prod/images/b6/b63b5fcc-6406-48f9-aff5-27c2c4336e48?rule=mo-640.jpg | https://img.classistatic.de/api/v1/mo-prod/images/77/771d5d31-df31-4ed2-bc11-376e5aef373f?rule=mo-640.jpg | https://img.classistatic.de/api/v1/mo-prod/images/d5/d54c7214-d429-4398-938f-fde83ae94961?rule=mo-640.jpg | https://img.classistatic.de/api/v1/mo-prod/images/00/00c45451-89f3-47e0-b9ee-598948885b99?rule=mo-640.jpg | https://img.classistatic.de/api/v1/mo-prod/images/4d/4da52257-b9f2-42ab-8295-951941f177cb?rule=mo-640.jpg | https://img.classistatic.de/api/v1/mo-prod/images/44/447959b0-3ec0-47e8-8aa1-0bc481fb22a3?rule=mo-640.jpg | https://img.classistatic.de/api/v1/mo-prod/images/8f/8fd0c7f1-3d40-4206-b549-2dc7aad4795f?rule=mo-640.jpg | https://img.classistatic.de/api/v1/mo-prod/images/4a/4aa23152-1245-4992-8432-4a09a745a3bb?rule=mo-640.jpg | https://img.classistatic.de/api/v1/mo-prod/images/14/144fcca5-32e0-485d-a3b9-a2c9b10111df?rule=mo-640.jpg | https://img.classistatic.de/api/v1/mo-prod/images/7d/7da3fdee-3b4a-41e4-8eb4-4fcdb4ee3057?rule=mo-640.jpg | https://img.classistatic.de/api/v1/mo-prod/images/3f/3f602549-935d-4704-8f7f-1e6156369698?rule=mo-640.jpg | https://img.classistatic.de/api/v1/mo-prod/images/63/635f4c60-f7e9-468b-9e3d-cd65fb806a82?rule=mo-640.jpg | https://img.classistatic.de/api/v1/mo-prod/images/f5/f585daea-37ac-42a9-a640-8d0315fdf0d8?rule=mo-640.jpg | https://img.classistatic.de/api/v1/mo-prod/images/7e/7e594537-f75d-47cc-b95c-1fd742e27f65?rule=mo-640.jpg | https://img.classistatic.de/api/v1/mo-prod/images/84/849a53fb-8580-48ca-bcb0-e358d7dcb445?rule=mo-640.jpg | https://img.classistatic.de/api/v1/mo-prod/images/84/8481051c-ffaa-410b-bdde-316c1104776b?rule=mo-640.jpg | https://img.classistatic.de/api/v1/mo-prod/images/02/022a890d-8957-4270-9c55-f66d7f27bfed?rule=mo-640.jpg | https://img.classistatic.de/api/v1/mo-prod/images/42/428e09c1-bb04-431c-a59f-68beb04fe3ab?rule=mo-640.jpg | https://img.classistatic.de/api/v1/mo-prod/images/db/db757d72-b85d-4bb3-8780-9bdff7c9d14a?rule=mo-640.jpg
B-138;461326714;SKODA;Kodiaq;Kodiaq Style 4x4`*LEDER*MEMORY*KEYLESS;STYLE;Gebraucht;09/2023;94000;147;200;1968;Automatik;Diesel;Grau;GRAPHITE GREY;LEATHER;Schwarz;4/5;2;26990.00;TMBLN7NS2R8505635;2026-07-23;2026-09-10;34;https://img.classistatic.de/api/v1/mo-prod/images/43/43ccdd3c-167e-4bd8-af36-3784ed259a43?rule=mo-640.jpg;https://img.classistatic.de/api/v1/mo-prod/images/43/43ccdd3c-167e-4bd8-af36-3784ed259a43?rule=mo-640.jpg | https://img.classistatic.de/api/v1/mo-prod/images/e6/e664b57f-bb13-49a0-bee0-9b21df7afb48?rule=mo-640.jpg | https://img.classistatic.de/api/v1/mo-prod/images/d6/d62fcea6-f1fe-4d34-bac8-d1556d2ba3da?rule=mo-640.jpg | https://img.classistatic.de/api/v1/mo-prod/images/cc/cc5c1e46-f25f-40a4-8a38-f614f4db4026?rule=mo-640.jpg | https://img.classistatic.de/api/v1/mo-prod/images/98/98382949-adf4-455c-966c-9dd754acdba2?rule=mo-640.jpg | https://img.classistatic.de/api/v1/mo-prod/images/7c/7c65a51c-1c97-45a8-91eb-ecf4d6d6efcc?rule=mo-640.jpg | https://img.classistatic.de/api/v1/mo-prod/images/cf/cf5e5d86-8e23-4f8e-8b2e-fb1ac0295ad7?rule=mo-640.jpg | https://img.classistatic.de/api/v1/mo-prod/images/fe/feb4a6fb-2d19-42f3-a608-b8ab05cfb4fa?rule=mo-640.jpg | https://img.classistatic.de/api/v1/mo-prod/images/3f/3f86d142-2313-484a-aeef-ce706c7e1ae1?rule=mo-640.jpg | https://img.classistatic.de/api/v1/mo-prod/images/dd/dd5cc7c8-8bde-4491-bfd7-dea6dde303ac?rule=mo-640.jpg | https://img.classistatic.de/api/v1/mo-prod/images/93/9365609c-639c-48cf-8dc3-a47318697e7d?rule=mo-640.jpg | https://img.classistatic.de/api/v1/mo-prod/images/53/5381f4d7-5120-4b6b-899b-961c2a0517a0?rule=mo-640.jpg | https://img.classistatic.de/api/v1/mo-prod/images/06/069f88c3-6896-4c9d-bccd-ed8f3a39681f?rule=mo-640.jpg | https://img.classistatic.de/api/v1/mo-prod/images/0e/0ecdb7a5-7f02-48a2-a2f0-a5f446c66381?rule=mo-640.jpg | https://img.classistatic.de/api/v1/mo-prod/images/f4/f4d4f828-c15b-4880-bffe-cee2fc6be0bf?rule=mo-640.jpg | https://img.classistatic.de/api/v1/mo-prod/images/0f/0f8efc53-c88d-4942-85db-cc6bb32e35db?rule=mo-640.jpg | https://img.classistatic.de/api/v1/mo-prod/images/ac/ac4ef064-bb8d-43ec-b2ee-2e7c0c874cb6?rule=mo-640.jpg | https://img.classistatic.de/api/v1/mo-prod/images/e1/e18c1580-9c13-4eff-944f-4cf5b0dd6856?rule=mo-640.jpg | https://img.classistatic.de/api/v1/mo-prod/images/78/7882664a-95ee-44aa-9d39-0dffa9e570eb?rule=mo-640.jpg | https://img.classistatic.de/api/v1/mo-prod/images/4d/4d3766df-3226-4bfe-9b40-98a3a6a5c035?rule=mo-640.jpg | https://img.classistatic.de/api/v1/mo-prod/images/ed/ed6d09df-b839-414d-bcf0-35645c48dd98?rule=mo-640.jpg | https://img.classistatic.de/api/v1/mo-prod/images/a5/a572e1c5-a715-4062-bcd0-160354612110?rule=mo-640.jpg | https://img.classistatic.de/api/v1/mo-prod/images/e2/e20afaed-8ea6-442e-a601-a391fffce5c3?rule=mo-640.jpg | https://img.classistatic.de/api/v1/mo-prod/images/29/29b918e6-d62a-4a54-a6e0-cad6e4d4c12f?rule=mo-640.jpg | https://img.classistatic.de/api/v1/mo-prod/images/2f/2fae5ee4-db43-4337-9409-621fa73253db?rule=mo-640.jpg | https://img.classistatic.de/api/v1/mo-prod/images/8d/8d1688ac-ae9b-4d2d-8cbc-33f6e0cd72c2?rule=mo-640.jpg | https://img.classistatic.de/api/v1/mo-prod/images/21/217f4c55-ed19-474c-9163-f14dd2c623e1?rule=mo-640.jpg | https://img.classistatic.de/api/v1/mo-prod/images/8f/8f76caae-d285-4423-9a9f-bec30d81c652?rule=mo-640.jpg | https://img.classistatic.de/api/v1/mo-prod/images/a2/a2389a1e-5aed-414f-9090-202f43466a79?rule=mo-640.jpg | https://img.classistatic.de/api/v1/mo-prod/images/4b/4bc0cb5d-ae06-4e3b-b9d8-4a11274a6921?rule=mo-640.jpg | https://img.classistatic.de/api/v1/mo-prod/images/dc/dcc14f4f-8050-472b-90fd-c0ea357c98e0?rule=mo-640.jpg | https://img.classistatic.de/api/v1/mo-prod/images/0b/0b8d9154-9760-4d86-b335-c2e1d3d6b518?rule=mo-640.jpg | https://img.classistatic.de/api/v1/mo-prod/images/28/28a77bc7-4469-4713-8054-ee3618673d6d?rule=mo-640.jpg | https://img.classistatic.de/api/v1/mo-prod/images/db/db757d72-b85d-4bb3-8780-9bdff7c9d14a?rule=mo-640.jpg
b-142;39163852751200;SKODA;Octavia;Octavia Combi*MEMORY*TOTWINKEL*LenkradHZ;Selection Plus;Gebraucht;01/2024;77000;110;150;1968;Automatik;Diesel;Grau;GRAPHITE GREY;FABRIC;Schwarz;4/5;1;21290.00;TMBJJ8NX7RY076979;2026-08-10;2026-09-10;33;https://img.classistatic.de/api/v1/mo-prod/images/27/27fafcb7-8d73-4111-9b98-e36664f35b42?rule=mo-640.jpg;https://img.classistatic.de/api/v1/mo-prod/images/27/27fafcb7-8d73-4111-9b98-e36664f35b42?rule=mo-640.jpg | https://img.classistatic.de/api/v1/mo-prod/images/c1/c164ca6f-ccda-498d-9eed-e1eb9c5841d9?rule=mo-640.jpg | https://img.classistatic.de/api/v1/mo-prod/images/c9/c98e3fe7-fd81-4271-ab2c-56699cf40d9b?rule=mo-640.jpg | https://img.classistatic.de/api/v1/mo-prod/images/73/7347ece1-26e1-4e65-8845-08d02cdca12b?rule=mo-640.jpg | https://img.classistatic.de/api/v1/mo-prod/images/74/74a54545-59a9-4881-a6f2-1abc5dd10367?rule=mo-640.jpg | https://img.classistatic.de/api/v1/mo-prod/images/ba/baf6947e-da14-49e6-9aee-3aded93c55c4?rule=mo-640.jpg | https://img.classistatic.de/api/v1/mo-prod/images/5b/5bf79fb0-d3df-416e-9859-d313923fd3a5?rule=mo-640.jpg | https://img.classistatic.de/api/v1/mo-prod/images/21/21ea021c-026c-48f3-a591-90213e56cd17?rule=mo-640.jpg | https://img.classistatic.de/api/v1/mo-prod/images/89/89827d9a-3574-49b8-81ec-aaf4f8eb5ac4?rule=mo-640.jpg | https://img.classistatic.de/api/v1/mo-prod/images/61/617c0375-a414-4224-bd06-630ebf8db521?rule=mo-640.jpg | https://img.classistatic.de/api/v1/mo-prod/images/60/60edd768-8637-41b4-9710-5c8dc37ff6d6?rule=mo-640.jpg | https://img.classistatic.de/api/v1/mo-prod/images/07/07916017-e803-42de-a928-7ac04d113a62?rule=mo-640.jpg | https://img.classistatic.de/api/v1/mo-prod/images/04/043d83e3-b19a-45d6-9322-cad775ad7969?rule=mo-640.jpg | https://img.classistatic.de/api/v1/mo-prod/images/a4/a4d1ac13-8a67-4a13-9e4a-b6edfa36cb11?rule=mo-640.jpg | https://img.classistatic.de/api/v1/mo-prod/images/f2/f21c409a-33a2-4c06-801d-7a85356e8ff4?rule=mo-640.jpg | https://img.classistatic.de/api/v1/mo-prod/images/74/74b1da83-25de-470b-a85b-c732ff68d0af?rule=mo-640.jpg | https://img.classistatic.de/api/v1/mo-prod/images/77/77f48d97-08ad-4ef9-a254-49108e10e54d?rule=mo-640.jpg | https://img.classistatic.de/api/v1/mo-prod/images/58/584ceb9f-487e-477b-8988-0ec876af60f6?rule=mo-640.jpg | https://img.classistatic.de/api/v1/mo-prod/images/4b/4b2ca3ae-536a-402f-bf44-44ced6fc4aae?rule=mo-640.jpg | https://img.classistatic.de/api/v1/mo-prod/images/10/10c01216-c752-44fa-b434-7f1d84c03acf?rule=mo-640.jpg | https://img.classistatic.de/api/v1/mo-prod/images/95/953ed8ea-4103-486a-b659-500fb287614d?rule=mo-640.jpg | https://img.classistatic.de/api/v1/mo-prod/images/2e/2e21c3d7-e1ab-4b38-806f-9266422d62d5?rule=mo-640.jpg | https://img.classistatic.de/api/v1/mo-prod/images/8d/8d1ddb57-229f-42e8-90d8-36bb1d0c14ff?rule=mo-640.jpg | https://img.classistatic.de/api/v1/mo-prod/images/80/80add3e1-3953-4beb-b979-b8343285d487?rule=mo-640.jpg | https://img.classistatic.de/api/v1/mo-prod/images/f8/f8c4b442-30f0-423f-a593-478173cfb1a9?rule=mo-640.jpg | https://img.classistatic.de/api/v1/mo-prod/images/dd/dd6f3faf-e064-48b5-8f06-cb429b13bb82?rule=mo-640.jpg | https://img.classistatic.de/api/v1/mo-prod/images/cc/ccaf5b82-8d47-4781-a680-04e722a20dbc?rule=mo-640.jpg | https://img.classistatic.de/api/v1/mo-prod/images/b3/b3f0458d-0496-4389-b2a3-a447ef8a76ed?rule=mo-640.jpg | https://img.classistatic.de/api/v1/mo-prod/images/c5/c5d4fe55-e5f2-4747-b431-be90eda99aa1?rule=mo-640.jpg | https://img.classistatic.de/api/v1/mo-prod/images/ba/baa78d76-4cd0-43e5-b16b-17e4d57ff1c5?rule=mo-640.jpg | https://img.classistatic.de/api/v1/mo-prod/images/e3/e37e75a8-8083-447f-936d-e03917275fd9?rule=mo-640.jpg | https://img.classistatic.de/api/v1/mo-prod/images/65/65a77124-52a2-442d-9443-d7fba9806fca?rule=mo-640.jpg | https://img.classistatic.de/api/v1/mo-prod/images/68/68c1bec7-6501-4346-a961-7d40347e2469?rule=mo-640.jpg
B-143;39183508529888;SKODA;Octavia;Octavia Combi 2.0 TDI;Selection;Gebraucht;09/2024;87000;110;150;1968;Automatik;Diesel;Schwarz;Schwarz-Magic Perleffekt;FABRIC;Schwarz;4/5;1;21990.00;TMBJJ8NX6SY046927;2026-08-10;2026-09-08;1;https://img.classistatic.de/api/v1/mo-prod/images/6e/6e1156cd-0650-487b-85a6-d7299b2566df?rule=mo-640.jpg;https://img.classistatic.de/api/v1/mo-prod/images/6e/6e1156cd-0650-487b-85a6-d7299b2566df?rule=mo-640.jpg
B-144;41639881853504;SKODA;Octavia;Octavia Combi RS;RS;Gebraucht;01/2019;92000;135;184;1968;Automatik;Diesel;Weiss;Candy-Weiss;PARTIAL_LEATHER;Schwarz;4/5;2;17490.00;TMBJK7NEXK0091759;2026-08-24;2026-09-08;28;https://img.classistatic.de/api/v1/mo-prod/images/45/45c2efde-cdeb-4dee-9908-1c2f134c40ae?rule=mo-640.jpg;https://img.classistatic.de/api/v1/mo-prod/images/45/45c2efde-cdeb-4dee-9908-1c2f134c40ae?rule=mo-640.jpg | https://img.classistatic.de/api/v1/mo-prod/images/28/28d86c88-0b72-4f12-abb2-b1ef4b9df984?rule=mo-640.jpg | https://img.classistatic.de/api/v1/mo-prod/images/76/76c81d56-dfbd-444f-8407-8ec1b6bc0ed0?rule=mo-640.jpg | https://img.classistatic.de/api/v1/mo-prod/images/65/6594500f-6c30-478b-ac63-7697ef9f650f?rule=mo-640.jpg | https://img.classistatic.de/api/v1/mo-prod/images/00/00ca5fe4-862d-46bd-b513-6fd9b301e895?rule=mo-640.jpg | https://img.classistatic.de/api/v1/mo-prod/images/ee/eea6ad07-4f66-44b4-a626-3e3f8bf0cab2?rule=mo-640.jpg | https://img.classistatic.de/api/v1/mo-prod/images/04/0469d2c4-9b7a-436d-9ba2-3fe32718032b?rule=mo-640.jpg | https://img.classistatic.de/api/v1/mo-prod/images/68/680fb72e-0565-4e1a-ad0d-4b13981752a7?rule=mo-640.jpg | https://img.classistatic.de/api/v1/mo-prod/images/f0/f03dc04e-4c25-438b-a9ba-4e96be32c207?rule=mo-640.jpg | https://img.classistatic.de/api/v1/mo-prod/images/73/732ad2bf-2ddd-4424-88ec-1e332ced0eb0?rule=mo-640.jpg | https://img.classistatic.de/api/v1/mo-prod/images/e0/e0f5ef2f-29fa-40eb-aa0a-b49a78529f99?rule=mo-640.jpg | https://img.classistatic.de/api/v1/mo-prod/images/73/73e2a59d-1441-4df9-9b61-2a0b22f7f341?rule=mo-640.jpg | https://img.classistatic.de/api/v1/mo-prod/images/4b/4b589d37-b4a6-4db0-b338-5de9fef0feb1?rule=mo-640.jpg | https://img.classistatic.de/api/v1/mo-prod/images/65/6591d07d-8426-4545-922e-08a1b18db089?rule=mo-640.jpg | https://img.classistatic.de/api/v1/mo-prod/images/c1/c16ddd6c-3afe-45c9-b8eb-b80e2a5510b4?rule=mo-640.jpg | https://img.classistatic.de/api/v1/mo-prod/images/52/5294eaf1-fceb-4e70-b792-0099bfe66d8b?rule=mo-640.jpg | https://img.classistatic.de/api/v1/mo-prod/images/d2/d2bb068c-2c3b-4d4c-81e2-94dd9e9a46a8?rule=mo-640.jpg | https://img.classistatic.de/api/v1/mo-prod/images/81/81ca6df3-4211-4b40-a6f4-457484a8f962?rule=mo-640.jpg | https://img.classistatic.de/api/v1/mo-prod/images/65/6509c867-079d-4d77-b4f6-9d6db6c13ce5?rule=mo-640.jpg | https://img.classistatic.de/api/v1/mo-prod/images/24/24d5f61f-ec0c-4879-9d47-9e399b50a184?rule=mo-640.jpg | https://img.classistatic.de/api/v1/mo-prod/images/4f/4fddabdb-1717-4a49-8947-8cb788fa8188?rule=mo-640.jpg | https://img.classistatic.de/api/v1/mo-prod/images/a5/a5547214-6908-48d3-90e6-8b5a8ae9946e?rule=mo-640.jpg | https://img.classistatic.de/api/v1/mo-prod/images/69/69e5f116-0cde-4ca5-b693-ac29f364fc02?rule=mo-640.jpg | https://img.classistatic.de/api/v1/mo-prod/images/6f/6f5677a8-edc9-413e-8570-e53e8b394e06?rule=mo-640.jpg | https://img.classistatic.de/api/v1/mo-prod/images/5d/5dcaf833-2199-4733-b8f5-1f81caddf2ba?rule=mo-640.jpg | https://img.classistatic.de/api/v1/mo-prod/images/ca/cabd80c5-4d7b-45eb-a845-ee5ae0635c91?rule=mo-640.jpg | https://img.classistatic.de/api/v1/mo-prod/images/b2/b2cf8a88-20e3-4a32-a95e-a9df6de95ac3?rule=mo-640.jpg | https://img.classistatic.de/api/v1/mo-prod/images/68/68c1bec7-6501-4346-a961-7d40347e2469?rule=mo-640.jpg
B-61;453366600;SKODA;Octavia;Octavia 2.0TDI DSG4x4 COMBI*LED*AMBIENTE*KEYLESS;AMBITION;Gebraucht;12/2021;62000;147;200;1968;Automatik;Diesel;Schwarz;;FABRIC;Schwarz;4/5;2;20490.00;TMBLK7NX3NY054343;2026-04-17;2026-09-10;21;https://img.classistatic.de/api/v1/mo-prod/images/47/4730a1d6-4ea6-43aa-bb0e-5c33b2245bc6?rule=mo-640.jpg;https://img.classistatic.de/api/v1/mo-prod/images/47/4730a1d6-4ea6-43aa-bb0e-5c33b2245bc6?rule=mo-640.jpg | https://img.classistatic.de/api/v1/mo-prod/images/43/43c1f65e-9128-4e40-94ef-f65dc245672d?rule=mo-640.jpg | https://img.classistatic.de/api/v1/mo-prod/images/57/57e965fd-ceba-48d9-88de-991d435b3da3?rule=mo-640.jpg | https://img.classistatic.de/api/v1/mo-prod/images/9e/9e1d3026-0c25-4248-8a3a-582ad5316900?rule=mo-640.jpg | https://img.classistatic.de/api/v1/mo-prod/images/66/660ca269-5da0-4bc9-9570-cf000f38d064?rule=mo-640.jpg | https://img.classistatic.de/api/v1/mo-prod/images/f9/f968ce4f-e432-4a3c-9a2a-272c74de6bbd?rule=mo-640.jpg | https://img.classistatic.de/api/v1/mo-prod/images/4a/4ab8d9d0-f0e9-461f-af9e-97cd58cec440?rule=mo-640.jpg | https://img.classistatic.de/api/v1/mo-prod/images/4e/4e532402-a9f3-4503-9553-fbebf3f10ee4?rule=mo-640.jpg | https://img.classistatic.de/api/v1/mo-prod/images/f8/f8b9d00d-bad8-43ee-9eef-ec1dbd9cf603?rule=mo-640.jpg | https://img.classistatic.de/api/v1/mo-prod/images/d9/d9ce0a69-6028-4aa4-8c66-20aee6f9eb1d?rule=mo-640.jpg | https://img.classistatic.de/api/v1/mo-prod/images/94/946c3c43-5fc4-42b8-acaa-b692333c997f?rule=mo-640.jpg | https://img.classistatic.de/api/v1/mo-prod/images/98/98a5d056-d4c7-4f3b-b380-1e5b1c0529dc?rule=mo-640.jpg | https://img.classistatic.de/api/v1/mo-prod/images/b6/b68d2522-132e-40df-aa91-c4d106256791?rule=mo-640.jpg | https://img.classistatic.de/api/v1/mo-prod/images/cb/cb32665c-2ce5-4e6c-8371-4d1b046e7a2a?rule=mo-640.jpg | https://img.classistatic.de/api/v1/mo-prod/images/c2/c23a9e64-e7af-4154-adc6-71ab0d715efc?rule=mo-640.jpg | https://img.classistatic.de/api/v1/mo-prod/images/03/033c8703-ab29-4539-84fb-21cf4c2e5b80?rule=mo-640.jpg | https://img.classistatic.de/api/v1/mo-prod/images/b6/b6d32fa8-f5d2-46e0-963a-6c86334930a9?rule=mo-640.jpg | https://img.classistatic.de/api/v1/mo-prod/images/b0/b045fd2d-f445-44f9-814c-724d944bdfd0?rule=mo-640.jpg | https://img.classistatic.de/api/v1/mo-prod/images/26/266d8b62-5f27-4064-aa43-0fd23cc336ba?rule=mo-640.jpg | https://img.classistatic.de/api/v1/mo-prod/images/5e/5e2a5278-83d8-47fd-af91-854a64b922b5?rule=mo-640.jpg | https://img.classistatic.de/api/v1/mo-prod/images/db/db757d72-b85d-4bb3-8780-9bdff7c9d14a?rule=mo-640.jpg
B-114;454078600;SKODA;Octavia;Octavia Combi Selection Plus;Selection Plus;Gebraucht;11/2023;78000;110;150;1498;Automatik;Benzin;Grau;GRAPHITE GREY;PARTIAL_LEATHER;Schwarz;4/5;1;21490.00;TMBJR8NX5RY064774;2026-04-24;2026-08-26;28;https://img.classistatic.de/api/v1/mo-prod/images/f8/f8ac57a1-8664-4123-9d69-61eea4bb5f0a?rule=mo-640.jpg;https://img.classistatic.de/api/v1/mo-prod/images/f8/f8ac57a1-8664-4123-9d69-61eea4bb5f0a?rule=mo-640.jpg | https://img.classistatic.de/api/v1/mo-prod/images/8c/8c097c99-15b5-471c-aac3-da6332ba5c34?rule=mo-640.jpg | https://img.classistatic.de/api/v1/mo-prod/images/f6/f60f1dbf-8585-4d87-9c53-9f39e5489688?rule=mo-640.jpg | https://img.classistatic.de/api/v1/mo-prod/images/04/04337690-2cad-4d0d-8ca6-4cbbffdc8046?rule=mo-640.jpg | https://img.classistatic.de/api/v1/mo-prod/images/45/4512a384-7789-4118-b152-14e9f5168a8a?rule=mo-640.jpg | https://img.classistatic.de/api/v1/mo-prod/images/2c/2c7273c9-2d06-485c-b87e-b6da3878f2a6?rule=mo-640.jpg | https://img.classistatic.de/api/v1/mo-prod/images/23/239a26fa-32d6-4171-b406-f5d4bd961aeb?rule=mo-640.jpg | https://img.classistatic.de/api/v1/mo-prod/images/46/46fd7a30-c6ab-46f2-b6e8-9ad043cde8b9?rule=mo-640.jpg | https://img.classistatic.de/api/v1/mo-prod/images/7a/7a0a052a-0819-44c9-9751-098235a3282e?rule=mo-640.jpg | https://img.classistatic.de/api/v1/mo-prod/images/dc/dc144f7e-6019-4098-b0ec-559f1da784a0?rule=mo-640.jpg | https://img.classistatic.de/api/v1/mo-prod/images/6f/6f9291a1-090f-4c5e-919c-b41e68cd0415?rule=mo-640.jpg | https://img.classistatic.de/api/v1/mo-prod/images/00/00458f58-76cb-44ae-827c-5657fe5b7232?rule=mo-640.jpg | https://img.classistatic.de/api/v1/mo-prod/images/60/60312633-af52-4b9f-b130-fe64f3da5b7b?rule=mo-640.jpg | https://img.classistatic.de/api/v1/mo-prod/images/0c/0c16e6cd-f163-4557-8ab5-0cb568a9df56?rule=mo-640.jpg | https://img.classistatic.de/api/v1/mo-prod/images/99/9970cdb9-17c9-472b-9bc8-3ff3da669ded?rule=mo-640.jpg | https://img.classistatic.de/api/v1/mo-prod/images/1e/1ef11340-4024-4b98-8ccd-fd7367c1635f?rule=mo-640.jpg | https://img.classistatic.de/api/v1/mo-prod/images/05/057186a8-76e9-483b-873b-4fb146f7375d?rule=mo-640.jpg | https://img.classistatic.de/api/v1/mo-prod/images/b7/b7383291-8195-4fcc-9085-a218218dd422?rule=mo-640.jpg | https://img.classistatic.de/api/v1/mo-prod/images/16/16d1c004-b3ef-423f-83fa-1f2d0b32bdbd?rule=mo-640.jpg | https://img.classistatic.de/api/v1/mo-prod/images/e8/e89be0a4-f602-4aed-820c-f42359832e6f?rule=mo-640.jpg | https://img.classistatic.de/api/v1/mo-prod/images/c2/c2db7a37-a76a-4f32-92eb-b85bc97015f2?rule=mo-640.jpg | https://img.classistatic.de/api/v1/mo-prod/images/8e/8ee77635-ed56-485b-a5ce-a25a3f4821da?rule=mo-640.jpg | https://img.classistatic.de/api/v1/mo-prod/images/67/672b31bd-45f4-4c7b-acbf-9d854edc2e8d?rule=mo-640.jpg | https://img.classistatic.de/api/v1/mo-prod/images/d8/d80a562a-e957-4cf7-a36c-8d9db4ae0f0c?rule=mo-640.jpg | https://img.classistatic.de/api/v1/mo-prod/images/67/6702ecfb-723d-476e-9c57-93fe1eb61f25?rule=mo-640.jpg | https://img.classistatic.de/api/v1/mo-prod/images/35/35a71a0f-9478-4126-8538-938d85b4ea6e?rule=mo-640.jpg | https://img.classistatic.de/api/v1/mo-prod/images/95/95312a9c-98a4-49f0-b3c6-d9b1d43b43bb?rule=mo-640.jpg | https://img.classistatic.de/api/v1/mo-prod/images/9a/9ad11f9b-f659-46b4-ae1e-7a1bdbe18598?rule=mo-640.jpg
B-104;456946571;SKODA;Octavia;Octavia Combi 2.0TDI*AHK*LED*NAVI*LANEASSIST;Tour;Gebraucht;07/2025;20000;110;150;1968;Automatik;Diesel;Schwarz;CERNA MAGIC/BLACK MAGIC;PARTIAL_LEATHER;Schwarz;4/5;2;25990.00;TMBJJ8NX8SY152196;2026-05-29;2026-08-26;28;https://img.classistatic.de/api/v1/mo-prod/images/88/88b9c5bf-34d9-4046-94a1-9634d9fd6641?rule=mo-640.jpg;https://img.classistatic.de/api/v1/mo-prod/images/88/88b9c5bf-34d9-4046-94a1-9634d9fd6641?rule=mo-640.jpg | https://img.classistatic.de/api/v1/mo-prod/images/91/910094cb-9e0f-45de-880e-4091b41cafe4?rule=mo-640.jpg | https://img.classistatic.de/api/v1/mo-prod/images/14/143f5b42-c654-4faf-b44a-fb86e71e7d14?rule=mo-640.jpg | https://img.classistatic.de/api/v1/mo-prod/images/55/553abfd6-d0e4-439f-84b9-c31d6cc4f756?rule=mo-640.jpg | https://img.classistatic.de/api/v1/mo-prod/images/60/6083d732-f9da-45db-84c1-7664a83003ee?rule=mo-640.jpg | https://img.classistatic.de/api/v1/mo-prod/images/fe/fe84df78-a9df-46dc-a395-7516e811ebad?rule=mo-640.jpg | https://img.classistatic.de/api/v1/mo-prod/images/05/058bfe13-9607-4a4c-9985-10733d24356c?rule=mo-640.jpg | https://img.classistatic.de/api/v1/mo-prod/images/c0/c0f05cad-fcb9-492a-bd62-8742afe102fb?rule=mo-640.jpg | https://img.classistatic.de/api/v1/mo-prod/images/7d/7d00ce47-92bd-4a0b-a096-acd9648ebc94?rule=mo-640.jpg | https://img.classistatic.de/api/v1/mo-prod/images/62/626cf3b6-a425-4d90-a44d-5c94a27c56ce?rule=mo-640.jpg | https://img.classistatic.de/api/v1/mo-prod/images/87/87c910f2-160e-4dca-824e-bf115d92efef?rule=mo-640.jpg | https://img.classistatic.de/api/v1/mo-prod/images/3a/3a4fa654-b0ca-478c-a6be-b9a171244017?rule=mo-640.jpg | https://img.classistatic.de/api/v1/mo-prod/images/53/53594377-ba68-4624-84bc-49d9f85cea07?rule=mo-640.jpg | https://img.classistatic.de/api/v1/mo-prod/images/25/253d1081-8393-44e9-a0c7-83e902375918?rule=mo-640.jpg | https://img.classistatic.de/api/v1/mo-prod/images/a3/a39e3970-13f9-4222-811d-ee5c1a1c630c?rule=mo-640.jpg | https://img.classistatic.de/api/v1/mo-prod/images/8e/8e82e32b-df44-4bea-8ee8-f3486034e494?rule=mo-640.jpg | https://img.classistatic.de/api/v1/mo-prod/images/50/5045801a-511a-4fb5-b60b-839ff6ad80a2?rule=mo-640.jpg | https://img.classistatic.de/api/v1/mo-prod/images/5e/5e315926-0163-4521-b33a-82349f6e2bcd?rule=mo-640.jpg | https://img.classistatic.de/api/v1/mo-prod/images/08/089c75c6-0ea7-415f-bffd-4464b0f38a3e?rule=mo-640.jpg | https://img.classistatic.de/api/v1/mo-prod/images/98/98265561-1869-4e5c-b34d-71c9e82abc53?rule=mo-640.jpg | https://img.classistatic.de/api/v1/mo-prod/images/c8/c87d4bb2-1aff-4f81-9900-bcab55b10fd8?rule=mo-640.jpg | https://img.classistatic.de/api/v1/mo-prod/images/4c/4c708b1f-2386-4351-9f22-1522767063d2?rule=mo-640.jpg | https://img.classistatic.de/api/v1/mo-prod/images/08/08cfc3bc-f3f2-408f-b06f-ec86482406e7?rule=mo-640.jpg | https://img.classistatic.de/api/v1/mo-prod/images/f0/f0b82e73-7ffb-4983-833b-edc090b468ed?rule=mo-640.jpg | https://img.classistatic.de/api/v1/mo-prod/images/b8/b89117c1-d627-4d5c-8d70-efe437fa1998?rule=mo-640.jpg | https://img.classistatic.de/api/v1/mo-prod/images/44/44c261d9-2c7c-493b-b5fa-923c60725b30?rule=mo-640.jpg | https://img.classistatic.de/api/v1/mo-prod/images/bf/bfe1b6de-3ecb-482b-969c-964d4aa83f53?rule=mo-640.jpg | https://img.classistatic.de/api/v1/mo-prod/images/db/db757d72-b85d-4bb3-8780-9bdff7c9d14a?rule=mo-640.jpg
B-137;461703212;SKODA;Octavia;Octavia Combi Style;Style;Gebraucht;03/2019;89000;140;190;1984;Automatik;Benzin;Schwarz;CERNA MAGIC/BLACK MAGIC;PARTIAL_LEATHER;Schwarz;4/5;2;16490.00;TMBJS7NE1K0110179;2026-07-28;2026-09-08;32;https://img.classistatic.de/api/v1/mo-prod/images/6f/6fbeb1fb-cf85-49ae-b3c4-c59cc3984161?rule=mo-640.jpg;https://img.classistatic.de/api/v1/mo-prod/images/6f/6fbeb1fb-cf85-49ae-b3c4-c59cc3984161?rule=mo-640.jpg | https://img.classistatic.de/api/v1/mo-prod/images/5f/5f9a1c38-5c77-4221-96de-7a373ccc21e6?rule=mo-640.jpg | https://img.classistatic.de/api/v1/mo-prod/images/91/912dca14-4e38-418e-908d-6144da172f48?rule=mo-640.jpg | https://img.classistatic.de/api/v1/mo-prod/images/61/61508ce9-db6c-42a3-854b-c1a99a8c9ab7?rule=mo-640.jpg | https://img.classistatic.de/api/v1/mo-prod/images/62/62fc9294-7abb-4c7b-b867-f8d651ba425c?rule=mo-640.jpg | https://img.classistatic.de/api/v1/mo-prod/images/f0/f0e0a456-aa5f-43b4-9628-6b5e176ff104?rule=mo-640.jpg | https://img.classistatic.de/api/v1/mo-prod/images/6d/6dd22522-7d2a-46e4-8b5c-873060237444?rule=mo-640.jpg | https://img.classistatic.de/api/v1/mo-prod/images/ef/ef9e326c-52c0-45fb-95a6-5bd1b701e5f9?rule=mo-640.jpg | https://img.classistatic.de/api/v1/mo-prod/images/fe/febbce6e-4028-40fc-9795-98b0ad603aff?rule=mo-640.jpg | https://img.classistatic.de/api/v1/mo-prod/images/51/51ff5ae9-fec2-4102-8aec-7f4a1e8f5db7?rule=mo-640.jpg | https://img.classistatic.de/api/v1/mo-prod/images/a2/a297096e-3cc9-46ca-81b7-7ce997a114d8?rule=mo-640.jpg | https://img.classistatic.de/api/v1/mo-prod/images/26/26f2197d-368f-4fe0-8604-52c058263ab9?rule=mo-640.jpg | https://img.classistatic.de/api/v1/mo-prod/images/6f/6ff36903-47a1-43f8-86f9-11a7bcbe481d?rule=mo-640.jpg | https://img.classistatic.de/api/v1/mo-prod/images/c8/c86f915b-85ca-44f5-b18a-6475e8d723f3?rule=mo-640.jpg | https://img.classistatic.de/api/v1/mo-prod/images/d7/d7086e84-737d-4e04-b9e1-fd1aec3fe7f2?rule=mo-640.jpg | https://img.classistatic.de/api/v1/mo-prod/images/38/38892791-3b0e-47b5-907b-eeb735313a0a?rule=mo-640.jpg | https://img.classistatic.de/api/v1/mo-prod/images/1d/1dbdaaaf-b541-4584-8963-6d93918e57ad?rule=mo-640.jpg | https://img.classistatic.de/api/v1/mo-prod/images/c9/c922e878-ab61-4c21-a995-0152bfc5a46d?rule=mo-640.jpg | https://img.classistatic.de/api/v1/mo-prod/images/e4/e4209e47-2808-49ce-8073-3b12bd0fc960?rule=mo-640.jpg | https://img.classistatic.de/api/v1/mo-prod/images/35/35a3a00b-2fe5-43ba-bdee-950baa7915bc?rule=mo-640.jpg | https://img.classistatic.de/api/v1/mo-prod/images/2e/2ed00e9e-2ce0-49df-a19e-780c05f2e9e1?rule=mo-640.jpg | https://img.classistatic.de/api/v1/mo-prod/images/20/207c571f-5a00-4251-ad30-82094ed3639f?rule=mo-640.jpg | https://img.classistatic.de/api/v1/mo-prod/images/22/22300114-8830-4186-bf49-bfd697d929fb?rule=mo-640.jpg | https://img.classistatic.de/api/v1/mo-prod/images/2e/2e07b518-273f-45a2-b755-6de2cefa784d?rule=mo-640.jpg | https://img.classistatic.de/api/v1/mo-prod/images/4c/4c92a9a5-e076-49d3-8f6a-3db66caad51f?rule=mo-640.jpg | https://img.classistatic.de/api/v1/mo-prod/images/ff/ffc0a475-98ef-4617-9452-4b343a45aacc?rule=mo-640.jpg | https://img.classistatic.de/api/v1/mo-prod/images/6b/6bfc8102-99d1-4b60-9d27-3e2f51757d2c?rule=mo-640.jpg | https://img.classistatic.de/api/v1/mo-prod/images/ee/eee04ea4-5c75-4fa9-b1f3-2fbc87baaac5?rule=mo-640.jpg | https://img.classistatic.de/api/v1/mo-prod/images/70/70e507d8-75c9-4cc5-8abb-5bbba7317148?rule=mo-640.jpg | https://img.classistatic.de/api/v1/mo-prod/images/f6/f6fb9380-9832-4e91-96cd-73e503882894?rule=mo-640.jpg | https://img.classistatic.de/api/v1/mo-prod/images/7a/7a25dd43-f82f-4a81-8a49-08083e2d652b?rule=mo-640.jpg | https://img.classistatic.de/api/v1/mo-prod/images/db/db757d72-b85d-4bb3-8780-9bdff7c9d14a?rule=mo-640.jpg
B-133;460053895;VW;Arteon;Arteon ShootingBrake R-Line+MASSAGE*ALCANTARA*IQ;R-Line;Gebraucht;10/2022;42000;110;150;1968;Automatik;Diesel;Schwarz;;ALCANTARA;Schwarz;4/5;2;23990.00;WVWZZZ3HZPK001494;2026-07-07;2026-08-21;33;https://img.classistatic.de/api/v1/mo-prod/images/a6/a624572d-2e9f-4542-9fa2-0b6d67991f83?rule=mo-640.jpg;https://img.classistatic.de/api/v1/mo-prod/images/a6/a624572d-2e9f-4542-9fa2-0b6d67991f83?rule=mo-640.jpg | https://img.classistatic.de/api/v1/mo-prod/images/02/029c3453-c2b6-422b-bcc2-a038bf7c0d41?rule=mo-640.jpg | https://img.classistatic.de/api/v1/mo-prod/images/a5/a5e2e105-6a91-4c08-ae62-f8afa8a4b5dc?rule=mo-640.jpg | https://img.classistatic.de/api/v1/mo-prod/images/49/490d9729-a417-485a-949d-0356fe757099?rule=mo-640.jpg | https://img.classistatic.de/api/v1/mo-prod/images/80/80c6e8df-c2d0-49c0-9904-d27d429d8e65?rule=mo-640.jpg | https://img.classistatic.de/api/v1/mo-prod/images/88/888d929e-a740-407b-b16c-39727292720d?rule=mo-640.jpg | https://img.classistatic.de/api/v1/mo-prod/images/94/94cd25a9-43a7-44cc-a459-fa9dcb8e0b40?rule=mo-640.jpg | https://img.classistatic.de/api/v1/mo-prod/images/1f/1fb8e22d-ce16-4191-9f3c-997ba2a37df2?rule=mo-640.jpg | https://img.classistatic.de/api/v1/mo-prod/images/13/1359c4a4-bb9b-4896-8762-1669289ade5e?rule=mo-640.jpg | https://img.classistatic.de/api/v1/mo-prod/images/05/05c14908-f2ff-4053-b553-3d1efc0080e2?rule=mo-640.jpg | https://img.classistatic.de/api/v1/mo-prod/images/80/8031e99a-1cd3-4f4d-a9d9-64cdb621d14e?rule=mo-640.jpg | https://img.classistatic.de/api/v1/mo-prod/images/29/2928b4ba-32b9-44b9-8d39-b3cabae4eed3?rule=mo-640.jpg | https://img.classistatic.de/api/v1/mo-prod/images/45/45470cda-0185-47b7-8a12-196e61e71cd1?rule=mo-640.jpg | https://img.classistatic.de/api/v1/mo-prod/images/02/028a5bb2-3270-46a9-acb3-2f11f00cbaea?rule=mo-640.jpg | https://img.classistatic.de/api/v1/mo-prod/images/dc/dc9f7f3a-f49c-4e82-9b25-9b1647d69c51?rule=mo-640.jpg | https://img.classistatic.de/api/v1/mo-prod/images/f7/f7ff552b-ead1-4697-a56d-d1d3a5f6d7bb?rule=mo-640.jpg | https://img.classistatic.de/api/v1/mo-prod/images/64/645af285-c2a9-462f-bd2d-9249f3b263d9?rule=mo-640.jpg | https://img.classistatic.de/api/v1/mo-prod/images/e1/e1e1df31-12d9-4f1a-933f-42c8cb3a0c09?rule=mo-640.jpg | https://img.classistatic.de/api/v1/mo-prod/images/86/861531ee-5f97-4576-b483-937a9ab09c99?rule=mo-640.jpg | https://img.classistatic.de/api/v1/mo-prod/images/9e/9e9e2bfc-3fe7-4019-b6da-e3825b62da71?rule=mo-640.jpg | https://img.classistatic.de/api/v1/mo-prod/images/98/989229fe-6b06-4bb6-adac-174e9a921cb6?rule=mo-640.jpg | https://img.classistatic.de/api/v1/mo-prod/images/e6/e61677ff-7570-488b-b681-bb9d2b9de8f3?rule=mo-640.jpg | https://img.classistatic.de/api/v1/mo-prod/images/66/66a4ecfd-a522-40e2-a016-9f06be7e1f45?rule=mo-640.jpg | https://img.classistatic.de/api/v1/mo-prod/images/f9/f906c7e3-5852-4e46-b99e-3ee4254cab33?rule=mo-640.jpg | https://img.classistatic.de/api/v1/mo-prod/images/bc/bc285ff3-a66f-4d76-9bf1-454a28700dfe?rule=mo-640.jpg | https://img.classistatic.de/api/v1/mo-prod/images/64/64e0db55-fe6f-4024-a98b-ddbdef12e99c?rule=mo-640.jpg | https://img.classistatic.de/api/v1/mo-prod/images/9c/9c14bb5e-5490-42b1-ba40-e573207f68e6?rule=mo-640.jpg | https://img.classistatic.de/api/v1/mo-prod/images/12/1211ce04-b77e-4a7b-a238-5af8f0f2d94e?rule=mo-640.jpg | https://img.classistatic.de/api/v1/mo-prod/images/e6/e61063eb-fa19-4cb8-8817-c9282b88b120?rule=mo-640.jpg | https://img.classistatic.de/api/v1/mo-prod/images/45/45830bee-0d16-4a53-8b9b-715178ccb97b?rule=mo-640.jpg | https://img.classistatic.de/api/v1/mo-prod/images/f2/f277ab3c-d0b3-47d0-b164-9afcc3e361ab?rule=mo-640.jpg | https://img.classistatic.de/api/v1/mo-prod/images/58/5827b350-7b4b-424f-ba1b-fee9e257af58?rule=mo-640.jpg | https://img.classistatic.de/api/v1/mo-prod/images/db/db757d72-b85d-4bb3-8780-9bdff7c9d14a?rule=mo-640.jpg
B-130;460687747;VW;Beetle;Beetle 2.0 TSI DSG BMT R-Line;R-Line;Gebraucht;01/2018;76000;162;220;1984;Automatik;Benzin;Rot;;FABRIC;Schwarz;2/3;2;18990.00;3VWFD7AT4JM721630;2026-07-15;2026-09-08;29;https://img.classistatic.de/api/v1/mo-prod/images/8f/8f10d5d7-fd8c-4ed2-a8cd-8d6e0383cecd?rule=mo-640.jpg;https://img.classistatic.de/api/v1/mo-prod/images/8f/8f10d5d7-fd8c-4ed2-a8cd-8d6e0383cecd?rule=mo-640.jpg | https://img.classistatic.de/api/v1/mo-prod/images/b4/b4428c4c-6a63-490f-bee0-a5350e67ff0c?rule=mo-640.jpg | https://img.classistatic.de/api/v1/mo-prod/images/2f/2ffd9ddd-a504-4286-8431-bcf7fa37257a?rule=mo-640.jpg | https://img.classistatic.de/api/v1/mo-prod/images/8a/8a91d526-55d9-40ad-ba33-59268fca9fde?rule=mo-640.jpg | https://img.classistatic.de/api/v1/mo-prod/images/71/711c92bf-6819-4693-b2a0-6fc2c7df8e87?rule=mo-640.jpg | https://img.classistatic.de/api/v1/mo-prod/images/b6/b64754c8-b47c-4283-a84e-6494b15d5410?rule=mo-640.jpg | https://img.classistatic.de/api/v1/mo-prod/images/32/3296c627-9fb6-47ab-b732-6921d71867cb?rule=mo-640.jpg | https://img.classistatic.de/api/v1/mo-prod/images/72/7251af4a-42d2-441d-b8c9-473759f3acf4?rule=mo-640.jpg | https://img.classistatic.de/api/v1/mo-prod/images/dc/dc72c22b-1bc0-4acd-be97-3dda8c5ca212?rule=mo-640.jpg | https://img.classistatic.de/api/v1/mo-prod/images/da/da51eb0a-da93-429b-915a-91d981b4c665?rule=mo-640.jpg | https://img.classistatic.de/api/v1/mo-prod/images/29/29cea806-f175-47fd-b41f-af099672b37d?rule=mo-640.jpg | https://img.classistatic.de/api/v1/mo-prod/images/79/79b8f5c3-4300-4baa-9f1d-5fb3929bc0c3?rule=mo-640.jpg | https://img.classistatic.de/api/v1/mo-prod/images/3d/3d6e4775-2376-4ae1-8042-4d7cfd3865aa?rule=mo-640.jpg | https://img.classistatic.de/api/v1/mo-prod/images/18/18d78099-742d-47c8-a315-e6e03a37501a?rule=mo-640.jpg | https://img.classistatic.de/api/v1/mo-prod/images/cf/cf3996ee-8a6f-4749-9e5f-b1c894813865?rule=mo-640.jpg | https://img.classistatic.de/api/v1/mo-prod/images/4a/4a35b715-194f-4432-bf8b-24c0f22b154d?rule=mo-640.jpg | https://img.classistatic.de/api/v1/mo-prod/images/a3/a32140bf-2bad-44e3-bed3-4f5aaa2da4f7?rule=mo-640.jpg | https://img.classistatic.de/api/v1/mo-prod/images/bc/bc2f2592-93b3-4a67-b79d-a99bd54c5c36?rule=mo-640.jpg | https://img.classistatic.de/api/v1/mo-prod/images/a7/a7c17ac0-8f5a-4603-aaf9-0eb9dffb591c?rule=mo-640.jpg | https://img.classistatic.de/api/v1/mo-prod/images/49/49037e36-4b54-409c-a42b-8ed66bc2c473?rule=mo-640.jpg | https://img.classistatic.de/api/v1/mo-prod/images/91/914b6f76-29b8-443c-9f53-f4a6ca7d5d78?rule=mo-640.jpg | https://img.classistatic.de/api/v1/mo-prod/images/f2/f2cca59b-8553-406a-ad61-6bba5142642f?rule=mo-640.jpg | https://img.classistatic.de/api/v1/mo-prod/images/2d/2dfa89c4-6311-4f75-826f-cfb6d46c865f?rule=mo-640.jpg | https://img.classistatic.de/api/v1/mo-prod/images/82/8232c4a1-855b-44c0-ba75-015be70ee8b5?rule=mo-640.jpg | https://img.classistatic.de/api/v1/mo-prod/images/b3/b3c41025-4862-43c7-bde3-66cf4b8fdb07?rule=mo-640.jpg | https://img.classistatic.de/api/v1/mo-prod/images/4a/4a7037b1-2829-4925-ac09-cbf136182e59?rule=mo-640.jpg | https://img.classistatic.de/api/v1/mo-prod/images/5d/5d9a0a44-b2a2-4b9a-b9b7-92ffbc05bcc2?rule=mo-640.jpg | https://img.classistatic.de/api/v1/mo-prod/images/8a/8a6dd191-bf89-4af6-a343-0412ef6c2d3a?rule=mo-640.jpg | https://img.classistatic.de/api/v1/mo-prod/images/db/db757d72-b85d-4bb3-8780-9bdff7c9d14a?rule=mo-640.jpg
B-148;44646190695456;VW;Golf;Golf VII Variant Highline*LED*ALCANTARA*MASSAGE;Highline BMT/Start-Stop;Gebraucht;10/2019;111000;110;150;1968;Automatik;Diesel;Weiss;Pure White;ALCANTARA;Schwarz;4/5;2;14990.00;WVWZZZAUZLP522082;2026-09-10;2026-09-10;2;https://img.classistatic.de/api/v1/mo-prod/images/58/583afddf-ba92-44bd-b67d-f6171b6c81e2?rule=mo-640.jpg;https://img.classistatic.de/api/v1/mo-prod/images/58/583afddf-ba92-44bd-b67d-f6171b6c81e2?rule=mo-640.jpg | https://img.classistatic.de/api/v1/mo-prod/images/68/68c1bec7-6501-4346-a961-7d40347e2469?rule=mo-640.jpg
B-117;455600972;VW;Golf;Golf VIII Variant Life;Life;Gebraucht;07/2022;85000;85;116;1968;Automatik;Diesel;Grau;Delfingrau Metallic;FABRIC;Schwarz;4/5;2;16490.00;WVWZZZCDZNW537978;2026-05-12;2026-09-10;31;https://img.classistatic.de/api/v1/mo-prod/images/c6/c6b786a9-1c55-42e1-b9da-c92de1b7c984?rule=mo-640.jpg;https://img.classistatic.de/api/v1/mo-prod/images/c6/c6b786a9-1c55-42e1-b9da-c92de1b7c984?rule=mo-640.jpg | https://img.classistatic.de/api/v1/mo-prod/images/fa/fa6394be-e50e-49da-a59d-acf568ef9438?rule=mo-640.jpg | https://img.classistatic.de/api/v1/mo-prod/images/34/3499ec10-00b3-4176-9a48-7ab2095fb183?rule=mo-640.jpg | https://img.classistatic.de/api/v1/mo-prod/images/30/30d6ea07-5c72-4e0d-874e-33da2cb75b7c?rule=mo-640.jpg | https://img.classistatic.de/api/v1/mo-prod/images/1e/1e29fb1d-5f57-4050-af8a-7d720996b7f7?rule=mo-640.jpg | https://img.classistatic.de/api/v1/mo-prod/images/42/42d5941e-7778-43c3-8d17-9d559ca14999?rule=mo-640.jpg | https://img.classistatic.de/api/v1/mo-prod/images/9f/9f5ff59c-9814-4a2e-91b0-413fc0b08eef?rule=mo-640.jpg | https://img.classistatic.de/api/v1/mo-prod/images/b5/b5f61299-94f2-42c4-a927-b69774f6f90c?rule=mo-640.jpg | https://img.classistatic.de/api/v1/mo-prod/images/be/beee665d-3578-4aa1-b758-bed90377cb41?rule=mo-640.jpg | https://img.classistatic.de/api/v1/mo-prod/images/fa/faa491ca-e1e1-41a9-8d8e-3c58a4ce7fce?rule=mo-640.jpg | https://img.classistatic.de/api/v1/mo-prod/images/b2/b2a495ed-dbab-45bd-944f-fd34caaefd6c?rule=mo-640.jpg | https://img.classistatic.de/api/v1/mo-prod/images/fe/feaad1f4-5de2-4c01-978a-546b2f8f7d51?rule=mo-640.jpg | https://img.classistatic.de/api/v1/mo-prod/images/b7/b746cf1a-8e6a-41ed-ab94-0eba6296966e?rule=mo-640.jpg | https://img.classistatic.de/api/v1/mo-prod/images/e1/e16fe6a1-7d69-4205-9bca-f07144dbd690?rule=mo-640.jpg | https://img.classistatic.de/api/v1/mo-prod/images/ea/ea6a2292-795b-41a5-9c31-b791a94c734c?rule=mo-640.jpg | https://img.classistatic.de/api/v1/mo-prod/images/bc/bc2f9f86-740a-4097-84a9-d8d6d190de34?rule=mo-640.jpg | https://img.classistatic.de/api/v1/mo-prod/images/a5/a566f426-8ba1-44f0-9a2c-4f04557c4331?rule=mo-640.jpg | https://img.classistatic.de/api/v1/mo-prod/images/32/32f4e9bc-e7f7-4cea-bfea-d9ee6276617c?rule=mo-640.jpg | https://img.classistatic.de/api/v1/mo-prod/images/d7/d7853099-2062-4a9c-9e76-02d867976804?rule=mo-640.jpg | https://img.classistatic.de/api/v1/mo-prod/images/b4/b47ac73e-6a8e-473a-a75a-ea7960739799?rule=mo-640.jpg | https://img.classistatic.de/api/v1/mo-prod/images/2b/2b1751c5-b2d5-476d-939d-3e72e8adb389?rule=mo-640.jpg | https://img.classistatic.de/api/v1/mo-prod/images/8f/8fab59ac-efc1-4d4d-b1ae-422035f401dd?rule=mo-640.jpg | https://img.classistatic.de/api/v1/mo-prod/images/00/005d099b-26c0-4c39-a568-b7bffd9b199d?rule=mo-640.jpg | https://img.classistatic.de/api/v1/mo-prod/images/77/779eea45-a14d-4a50-bb96-ce77cf8f26c2?rule=mo-640.jpg | https://img.classistatic.de/api/v1/mo-prod/images/67/67e0dfb2-00a4-465a-8b81-d949503bfa19?rule=mo-640.jpg | https://img.classistatic.de/api/v1/mo-prod/images/53/53099009-be26-4f56-8561-cbabcd919b92?rule=mo-640.jpg | https://img.classistatic.de/api/v1/mo-prod/images/ac/acc2c284-c520-4f3a-940d-0b5b8838c716?rule=mo-640.jpg | https://img.classistatic.de/api/v1/mo-prod/images/23/23dc8f56-c4cf-4f4e-8022-aae2a0b483ae?rule=mo-640.jpg | https://img.classistatic.de/api/v1/mo-prod/images/35/3587df98-6c2e-43f4-b4ef-fda0c428264a?rule=mo-640.jpg | https://img.classistatic.de/api/v1/mo-prod/images/39/39cbb42f-268c-49bd-93ce-e549b55e8a71?rule=mo-640.jpg | https://img.classistatic.de/api/v1/mo-prod/images/3b/3b698b20-2114-4171-a124-75272d3f1857?rule=mo-640.jpg
B-115;455607557;VW;Golf;Golf VIII Lim. 1.5 TSI Goal*Keyless*IQLight;1.5 TSI 110 kW Goal;Gebraucht;11/2024;32000;110;150;1498;Schaltgetriebe;Benzin;Schwarz;MYTHOS BLACK;PARTIAL_LEATHER;Schwarz;4/5;2;20490.00;WVWZZZCD7SW007415;2026-05-12;2026-08-18;25;https://img.classistatic.de/api/v1/mo-prod/images/99/996caa16-692e-449e-8f5d-5b2ff610baff?rule=mo-640.jpg;https://img.classistatic.de/api/v1/mo-prod/images/99/996caa16-692e-449e-8f5d-5b2ff610baff?rule=mo-640.jpg | https://img.classistatic.de/api/v1/mo-prod/images/5d/5d397cd3-bc07-4252-bc53-adf4b3c52b15?rule=mo-640.jpg | https://img.classistatic.de/api/v1/mo-prod/images/20/20ac8730-4ac8-41ff-8075-c9fae134130d?rule=mo-640.jpg | https://img.classistatic.de/api/v1/mo-prod/images/83/8308741d-7160-4d8e-9795-d5e6ee5e7eb1?rule=mo-640.jpg | https://img.classistatic.de/api/v1/mo-prod/images/76/769624bd-e720-4bf7-a1d6-368008ae9cd8?rule=mo-640.jpg | https://img.classistatic.de/api/v1/mo-prod/images/9f/9f38b5b7-88dc-4e0f-bc05-12f385d54ae6?rule=mo-640.jpg | https://img.classistatic.de/api/v1/mo-prod/images/5f/5f5e107a-71b7-4248-b6df-9872b50e7096?rule=mo-640.jpg | https://img.classistatic.de/api/v1/mo-prod/images/f8/f8cb70d4-4437-406a-93ab-35d0f6b00f6c?rule=mo-640.jpg | https://img.classistatic.de/api/v1/mo-prod/images/cc/cc0a8270-5725-4b80-aaef-8ad6f35d49ee?rule=mo-640.jpg | https://img.classistatic.de/api/v1/mo-prod/images/a3/a318ce59-6787-4636-8e4f-ec07ec132d53?rule=mo-640.jpg | https://img.classistatic.de/api/v1/mo-prod/images/20/209120c6-c2f7-4e5c-bcbd-28345af1a3fa?rule=mo-640.jpg | https://img.classistatic.de/api/v1/mo-prod/images/bf/bf841fc3-707a-44f6-a882-f1b66a0f2458?rule=mo-640.jpg | https://img.classistatic.de/api/v1/mo-prod/images/e6/e625c083-9b48-49ac-9637-f076e521d34c?rule=mo-640.jpg | https://img.classistatic.de/api/v1/mo-prod/images/55/5516d74d-5365-43fe-bad6-3c3f0d8e95a0?rule=mo-640.jpg | https://img.classistatic.de/api/v1/mo-prod/images/40/4038519a-b42f-4ab2-a902-7ab3f4124f26?rule=mo-640.jpg | https://img.classistatic.de/api/v1/mo-prod/images/c1/c1025fbf-f9b0-4bad-910a-3445fb4b3bc3?rule=mo-640.jpg | https://img.classistatic.de/api/v1/mo-prod/images/fd/fd38c788-aa5f-4546-9405-f6a8d8f2bb4f?rule=mo-640.jpg | https://img.classistatic.de/api/v1/mo-prod/images/5f/5f13e3b2-834a-4dc7-aec8-a35779af7b9a?rule=mo-640.jpg | https://img.classistatic.de/api/v1/mo-prod/images/41/41e6267c-5730-4ff1-9a62-8cc255d7e715?rule=mo-640.jpg | https://img.classistatic.de/api/v1/mo-prod/images/41/414ec32c-5d6b-41b3-8288-19b51beed94a?rule=mo-640.jpg | https://img.classistatic.de/api/v1/mo-prod/images/e1/e19a61e9-3313-44a6-b7e2-c9503b03d705?rule=mo-640.jpg | https://img.classistatic.de/api/v1/mo-prod/images/83/8394ae74-f4d0-4fc4-8fc0-d59dbce32201?rule=mo-640.jpg | https://img.classistatic.de/api/v1/mo-prod/images/de/de50bb19-0ffa-42e8-a97a-3f6b2ff79413?rule=mo-640.jpg | https://img.classistatic.de/api/v1/mo-prod/images/71/71e2c198-3e17-4b63-84d1-96136a901570?rule=mo-640.jpg | https://img.classistatic.de/api/v1/mo-prod/images/3e/3e7a3fe1-89c1-4248-bea0-22a842394d36?rule=mo-640.jpg
B-139;461373584;VW;Golf;Golf VIII Lim. GTD;GTD;Gebraucht;10/2021;158000;147;200;1968;Automatik;Diesel;Weiss;ORYXWEISS;ALCANTARA;Schwarz;4/5;2;20490.00;WVWZZZCDZMW137269;2026-07-23;2026-09-08;29;https://img.classistatic.de/api/v1/mo-prod/images/e8/e86924f2-7526-4263-b9f5-a42943329895?rule=mo-640.jpg;https://img.classistatic.de/api/v1/mo-prod/images/e8/e86924f2-7526-4263-b9f5-a42943329895?rule=mo-640.jpg | https://img.classistatic.de/api/v1/mo-prod/images/50/50a14c83-b22c-4597-b9f2-a4b359c3763f?rule=mo-640.jpg | https://img.classistatic.de/api/v1/mo-prod/images/d4/d45a6199-2c85-47af-9b24-14b8e2c707b2?rule=mo-640.jpg | https://img.classistatic.de/api/v1/mo-prod/images/fb/fb466503-a609-42a4-adad-8afbbfb906d8?rule=mo-640.jpg | https://img.classistatic.de/api/v1/mo-prod/images/97/9771ac1e-4382-44fa-a7d5-01877678de0d?rule=mo-640.jpg | https://img.classistatic.de/api/v1/mo-prod/images/16/169a531b-d0d4-4113-bb55-1541b7fd6cb4?rule=mo-640.jpg | https://img.classistatic.de/api/v1/mo-prod/images/36/3672c108-5e5c-4372-9de0-254a373f98ba?rule=mo-640.jpg | https://img.classistatic.de/api/v1/mo-prod/images/04/04cf1007-0b7a-4b98-ac50-6032f813ff0f?rule=mo-640.jpg | https://img.classistatic.de/api/v1/mo-prod/images/b6/b645a940-45b4-40dd-8c33-09e925b210bd?rule=mo-640.jpg | https://img.classistatic.de/api/v1/mo-prod/images/c5/c543adb9-ba0b-488c-82b9-61e47d2440a1?rule=mo-640.jpg | https://img.classistatic.de/api/v1/mo-prod/images/36/36d9792c-b7ac-4330-8046-2ba85e19cc1c?rule=mo-640.jpg | https://img.classistatic.de/api/v1/mo-prod/images/30/30cf5ccb-dbc7-4882-aca5-06bdcf337223?rule=mo-640.jpg | https://img.classistatic.de/api/v1/mo-prod/images/21/2177e4a2-3c78-432e-a69c-97fe33653be0?rule=mo-640.jpg | https://img.classistatic.de/api/v1/mo-prod/images/d1/d101f026-dd5b-4659-b671-cf818807ac7d?rule=mo-640.jpg | https://img.classistatic.de/api/v1/mo-prod/images/59/59f747b8-5b8b-45db-82f7-72e94b39e03a?rule=mo-640.jpg | https://img.classistatic.de/api/v1/mo-prod/images/2c/2c770039-4010-40c3-8173-094657508a76?rule=mo-640.jpg | https://img.classistatic.de/api/v1/mo-prod/images/5f/5f357a33-a853-4b0a-972a-55c91db07545?rule=mo-640.jpg | https://img.classistatic.de/api/v1/mo-prod/images/49/49a8d88e-b95f-4fc5-b25b-d08ddd6d536f?rule=mo-640.jpg | https://img.classistatic.de/api/v1/mo-prod/images/5a/5ada5c05-bb64-4a93-9ce7-da16f213bc4a?rule=mo-640.jpg | https://img.classistatic.de/api/v1/mo-prod/images/39/390ea318-84e3-419d-9d63-73747d40139a?rule=mo-640.jpg | https://img.classistatic.de/api/v1/mo-prod/images/f4/f42096bc-a2f4-4429-8b26-9b46e46222e1?rule=mo-640.jpg | https://img.classistatic.de/api/v1/mo-prod/images/ef/ef0f03ec-0e83-4749-a92c-f328c87c43fc?rule=mo-640.jpg | https://img.classistatic.de/api/v1/mo-prod/images/7e/7e1756d4-d318-4d79-8283-7f60b52e8e1c?rule=mo-640.jpg | https://img.classistatic.de/api/v1/mo-prod/images/34/34eaf818-652d-4b6b-97d3-63e6589e5b28?rule=mo-640.jpg | https://img.classistatic.de/api/v1/mo-prod/images/1a/1a4d7c40-7e81-4490-a741-0af85e5d9033?rule=mo-640.jpg | https://img.classistatic.de/api/v1/mo-prod/images/e5/e555df97-8f50-4a92-a278-78df82161697?rule=mo-640.jpg | https://img.classistatic.de/api/v1/mo-prod/images/f9/f9abcfe5-2c0b-42ce-b4b3-a882620eb5f4?rule=mo-640.jpg | https://img.classistatic.de/api/v1/mo-prod/images/1a/1ad52a1d-5db5-43fa-8806-042f3cb668ec?rule=mo-640.jpg | https://img.classistatic.de/api/v1/mo-prod/images/e2/e21511d8-53c9-40c2-8151-71816b026b85?rule=mo-640.jpg
B-141;462232314;VW;Golf;Golf VIII FIRST EDITION*IQLight*MASSAGE*MEMORY;Style eTSI;Gebraucht;03/2020;70000;110;150;1498;Automatik;Benzin;Silber;REFLEXSILBER;ALCANTARA;Grau;4/5;2;18490.00;WVWZZZCDZLW802814;2026-08-04;2026-09-04;32;https://img.classistatic.de/api/v1/mo-prod/images/c4/c45755c3-43f2-461a-89e9-fe5f723dec65?rule=mo-640.jpg;https://img.classistatic.de/api/v1/mo-prod/images/c4/c45755c3-43f2-461a-89e9-fe5f723dec65?rule=mo-640.jpg | https://img.classistatic.de/api/v1/mo-prod/images/c0/c01c5279-74f3-49bf-8c2c-e3fe89b562a4?rule=mo-640.jpg | https://img.classistatic.de/api/v1/mo-prod/images/62/62588363-5bb4-41d9-bae0-3214553dabcc?rule=mo-640.jpg | https://img.classistatic.de/api/v1/mo-prod/images/e0/e0a8ba86-59c0-4405-bce9-5003557eba82?rule=mo-640.jpg | https://img.classistatic.de/api/v1/mo-prod/images/93/934cf7b9-ed2d-47c5-a68b-23a9be956c9b?rule=mo-640.jpg | https://img.classistatic.de/api/v1/mo-prod/images/75/7572a959-fbb6-4729-8a0e-57873fb50e3b?rule=mo-640.jpg | https://img.classistatic.de/api/v1/mo-prod/images/72/728818e2-47dd-4195-87b7-9e27596b1e72?rule=mo-640.jpg | https://img.classistatic.de/api/v1/mo-prod/images/70/705e9b31-d698-4c52-a28e-435555cf2f94?rule=mo-640.jpg | https://img.classistatic.de/api/v1/mo-prod/images/de/de38bdee-1fff-4578-ad92-f8a40db29b6e?rule=mo-640.jpg | https://img.classistatic.de/api/v1/mo-prod/images/e8/e873b902-6112-4e6c-98b1-81f160851b6e?rule=mo-640.jpg | https://img.classistatic.de/api/v1/mo-prod/images/d5/d59b8505-bf83-4433-9a5d-71e065e14e76?rule=mo-640.jpg | https://img.classistatic.de/api/v1/mo-prod/images/3f/3fd83c05-e3c8-4472-86c4-0e17f0fd8276?rule=mo-640.jpg | https://img.classistatic.de/api/v1/mo-prod/images/0f/0f6f7010-7b76-476e-bc1a-07b5485e3806?rule=mo-640.jpg | https://img.classistatic.de/api/v1/mo-prod/images/4e/4e05c33b-766e-47ea-b8b6-2102d8ca892d?rule=mo-640.jpg | https://img.classistatic.de/api/v1/mo-prod/images/d7/d7716ece-9322-49ef-b457-841e6b992ba5?rule=mo-640.jpg | https://img.classistatic.de/api/v1/mo-prod/images/ad/addd5fb7-076b-45c6-b985-0bd50065bf4d?rule=mo-640.jpg | https://img.classistatic.de/api/v1/mo-prod/images/e1/e1b7988f-f84e-4f77-9463-0c92668de4cb?rule=mo-640.jpg | https://img.classistatic.de/api/v1/mo-prod/images/7f/7fe35e15-c11a-43ed-8ad7-ebe02b5c04eb?rule=mo-640.jpg | https://img.classistatic.de/api/v1/mo-prod/images/d3/d3a82794-0ebe-4d64-9a6c-5fac51f8f8a6?rule=mo-640.jpg | https://img.classistatic.de/api/v1/mo-prod/images/b8/b8183327-51b9-4289-9177-6b239765e5e0?rule=mo-640.jpg | https://img.classistatic.de/api/v1/mo-prod/images/77/77f5ece6-756d-4bcb-91d0-f351f959fc7c?rule=mo-640.jpg | https://img.classistatic.de/api/v1/mo-prod/images/5b/5b6af504-bf14-4fbd-9ca8-915cc7758b5f?rule=mo-640.jpg | https://img.classistatic.de/api/v1/mo-prod/images/70/70aa4c7c-767b-4753-abaa-7e01d7b4e8bd?rule=mo-640.jpg | https://img.classistatic.de/api/v1/mo-prod/images/a8/a885222e-a262-48cc-93b5-252248847bec?rule=mo-640.jpg | https://img.classistatic.de/api/v1/mo-prod/images/37/37ba19e5-5659-424c-b150-37d970f36abd?rule=mo-640.jpg | https://img.classistatic.de/api/v1/mo-prod/images/87/87b72805-bacc-4fef-8591-32e86504b505?rule=mo-640.jpg | https://img.classistatic.de/api/v1/mo-prod/images/ae/ae087909-82b9-424f-9c8f-b6c75e6858be?rule=mo-640.jpg | https://img.classistatic.de/api/v1/mo-prod/images/a6/a6fe07b2-09a2-4c01-abdc-ef0f297544bb?rule=mo-640.jpg | https://img.classistatic.de/api/v1/mo-prod/images/8e/8e366d32-c937-4c30-a63a-cc3a412bdbe0?rule=mo-640.jpg | https://img.classistatic.de/api/v1/mo-prod/images/21/2121d83a-f4ef-4ce6-afa4-a92ca5c010ef?rule=mo-640.jpg | https://img.classistatic.de/api/v1/mo-prod/images/3b/3b8a08ff-07df-4f3b-85f6-573247fffe90?rule=mo-640.jpg | https://img.classistatic.de/api/v1/mo-prod/images/db/db757d72-b85d-4bb3-8780-9bdff7c9d14a?rule=mo-640.jpg
B-100;446423852;VW;Passat Variant;Passat Variant 2.0TDI*NAVI*LED*DSG*17 Zoll Alu;Business;Gebraucht;07/2022;66000;147;200;1968;Automatik;Diesel;Grau;MANGANGRAU;FABRIC;Schwarz;4/5;2;20990.00;WVWZZZ3CZNE079807;2026-01-23;2026-09-08;19;https://img.classistatic.de/api/v1/mo-prod/images/c3/c32f5582-c5fa-4dbd-b4aa-3cd098d210db?rule=mo-640.jpg;https://img.classistatic.de/api/v1/mo-prod/images/c3/c32f5582-c5fa-4dbd-b4aa-3cd098d210db?rule=mo-640.jpg | https://img.classistatic.de/api/v1/mo-prod/images/d4/d42230ea-46c7-4c64-bb9f-0a0f69f18666?rule=mo-640.jpg | https://img.classistatic.de/api/v1/mo-prod/images/0f/0fb1c6ca-b875-43ad-a412-af072ef819d4?rule=mo-640.jpg | https://img.classistatic.de/api/v1/mo-prod/images/94/9401632d-578f-497f-a83d-bccbf2ff7966?rule=mo-640.jpg | https://img.classistatic.de/api/v1/mo-prod/images/43/43551c36-37d7-4d96-8583-e2a267b84d59?rule=mo-640.jpg | https://img.classistatic.de/api/v1/mo-prod/images/f5/f56769ed-d2da-4f5d-b171-ffc53b924f9b?rule=mo-640.jpg | https://img.classistatic.de/api/v1/mo-prod/images/f9/f9081a32-620d-41c9-bfab-a1356130a23c?rule=mo-640.jpg | https://img.classistatic.de/api/v1/mo-prod/images/d9/d9ca02be-e07a-4c47-8dc7-ad31bf17ec18?rule=mo-640.jpg | https://img.classistatic.de/api/v1/mo-prod/images/85/8584c2df-dce4-4642-944a-6cc0a9e6bb8e?rule=mo-640.jpg | https://img.classistatic.de/api/v1/mo-prod/images/88/88215c0c-6a2b-4c80-9a14-230dfb975bd9?rule=mo-640.jpg | https://img.classistatic.de/api/v1/mo-prod/images/fe/fef8d049-9b96-4f06-956a-fa254382c6b1?rule=mo-640.jpg | https://img.classistatic.de/api/v1/mo-prod/images/30/30493f6c-b2b4-4d7e-aac3-046aec62dbde?rule=mo-640.jpg | https://img.classistatic.de/api/v1/mo-prod/images/dc/dcb70eaa-600c-4f5b-92a8-85cdd903bf57?rule=mo-640.jpg | https://img.classistatic.de/api/v1/mo-prod/images/d3/d33890cd-8b4c-47fe-9d62-3d7376657f1c?rule=mo-640.jpg | https://img.classistatic.de/api/v1/mo-prod/images/15/152c60f9-020c-43b6-92da-edba12a996a3?rule=mo-640.jpg | https://img.classistatic.de/api/v1/mo-prod/images/db/db0502a7-ec7f-4521-bbf0-b400a7f8d24d?rule=mo-640.jpg | https://img.classistatic.de/api/v1/mo-prod/images/a5/a5219168-8d89-468e-87a4-dc84dca76a3a?rule=mo-640.jpg | https://img.classistatic.de/api/v1/mo-prod/images/f9/f941516d-1d5d-4548-8da6-00f8a6e47a4e?rule=mo-640.jpg | https://img.classistatic.de/api/v1/mo-prod/images/17/17ee6c90-2f06-4060-a324-6b7ea5e3e1d3?rule=mo-640.jpg
B-140;462235319;VW;Passat Variant;Passat Variant*LED*MASSAGE;Comfortline BMT/Start-Stopp;Gebraucht;11/2019;76000;110;150;1968;Automatik;Diesel;Schwarz;DEEP BLACK;FABRIC;Schwarz;4/5;2;16990.00;WVWZZZ3CZKE202635;2026-08-04;2026-09-08;31;https://img.classistatic.de/api/v1/mo-prod/images/06/06b7a245-0f7d-48d9-9726-6cfaab768114?rule=mo-640.jpg;https://img.classistatic.de/api/v1/mo-prod/images/06/06b7a245-0f7d-48d9-9726-6cfaab768114?rule=mo-640.jpg | https://img.classistatic.de/api/v1/mo-prod/images/df/df9cbd14-9156-4a96-8816-1a61237d7ba0?rule=mo-640.jpg | https://img.classistatic.de/api/v1/mo-prod/images/62/62b9d3a6-375b-4521-b7d5-9755e3ec19f1?rule=mo-640.jpg | https://img.classistatic.de/api/v1/mo-prod/images/11/11a65be4-ffb4-4bfe-a65a-7b9ee5ad9a0e?rule=mo-640.jpg | https://img.classistatic.de/api/v1/mo-prod/images/1c/1c6b2038-c8bb-47d8-b8fb-f20a5e91bbe6?rule=mo-640.jpg | https://img.classistatic.de/api/v1/mo-prod/images/23/23c76456-e60d-4a36-96c9-6dd09711f33c?rule=mo-640.jpg | https://img.classistatic.de/api/v1/mo-prod/images/f4/f425b60e-c822-4fe7-9dc8-802d01d919a9?rule=mo-640.jpg | https://img.classistatic.de/api/v1/mo-prod/images/14/14770969-0cd8-454d-bcd4-17e04687fdfa?rule=mo-640.jpg | https://img.classistatic.de/api/v1/mo-prod/images/6f/6fb337b2-0d63-402d-8bd4-e30f20059bba?rule=mo-640.jpg | https://img.classistatic.de/api/v1/mo-prod/images/9e/9e3a8131-774a-4577-8315-fe8ba31c6349?rule=mo-640.jpg | https://img.classistatic.de/api/v1/mo-prod/images/84/847f6feb-0ac0-4da7-afd0-9a316cd04111?rule=mo-640.jpg | https://img.classistatic.de/api/v1/mo-prod/images/e7/e7aedd24-8dd1-4e18-8419-25b4054f3647?rule=mo-640.jpg | https://img.classistatic.de/api/v1/mo-prod/images/89/89d405da-1c1f-48f0-9ec4-d91e9303245f?rule=mo-640.jpg | https://img.classistatic.de/api/v1/mo-prod/images/b6/b63a48f3-4b86-4334-8f37-a61fe8d9e157?rule=mo-640.jpg | https://img.classistatic.de/api/v1/mo-prod/images/b5/b56c71ca-9133-4722-ac75-fb4d22843af0?rule=mo-640.jpg | https://img.classistatic.de/api/v1/mo-prod/images/38/3816c5e5-ec3e-45cc-a32a-fecb49f35078?rule=mo-640.jpg | https://img.classistatic.de/api/v1/mo-prod/images/ac/ac7548aa-03e0-4319-adb9-8ba4be996d46?rule=mo-640.jpg | https://img.classistatic.de/api/v1/mo-prod/images/4f/4f32a8ee-33a6-4294-8cfc-d77b50d3f9d8?rule=mo-640.jpg | https://img.classistatic.de/api/v1/mo-prod/images/0f/0ff45635-561c-4f54-9a16-082447daab17?rule=mo-640.jpg | https://img.classistatic.de/api/v1/mo-prod/images/d8/d8dfe08d-ea50-484d-a6ec-85b99cfe2417?rule=mo-640.jpg | https://img.classistatic.de/api/v1/mo-prod/images/70/70f1bd4b-a4fb-4ab6-a4b9-980178edecaa?rule=mo-640.jpg | https://img.classistatic.de/api/v1/mo-prod/images/8a/8ae570bd-89a9-4a51-a9ec-b2a2a250c3d3?rule=mo-640.jpg | https://img.classistatic.de/api/v1/mo-prod/images/84/845fddd7-36f3-4136-8ef8-f74a1c82fe62?rule=mo-640.jpg | https://img.classistatic.de/api/v1/mo-prod/images/c0/c06c3124-21a4-42d2-8fc0-dbd0a47c615d?rule=mo-640.jpg | https://img.classistatic.de/api/v1/mo-prod/images/39/39a003dd-7e36-425d-a076-4a253242e304?rule=mo-640.jpg | https://img.classistatic.de/api/v1/mo-prod/images/c2/c282cfff-c1dc-489a-b4a3-de88c3ebe91d?rule=mo-640.jpg | https://img.classistatic.de/api/v1/mo-prod/images/31/319a5534-42f1-43b8-9fcb-bce60122c17b?rule=mo-640.jpg | https://img.classistatic.de/api/v1/mo-prod/images/5a/5a4507f3-a58f-4234-b74a-b3c586f751be?rule=mo-640.jpg | https://img.classistatic.de/api/v1/mo-prod/images/f1/f195b545-5dcb-4a18-9a35-5bcb131ac0fd?rule=mo-640.jpg | https://img.classistatic.de/api/v1/mo-prod/images/e1/e1ecff30-8ed7-4b1d-bd43-c13780b686b0?rule=mo-640.jpg | https://img.classistatic.de/api/v1/mo-prod/images/db/db757d72-b85d-4bb3-8780-9bdff7c9d14a?rule=mo-640.jpg
B-107;452529225;VW;Touran;Touran Highline LED*DSG*NAVI*Alcantara;Highline BMT/Start-Stopp;Gebraucht;07/2020;111000;140;190;1968;Automatik;Diesel;Schwarz;Deep Black Perleffekt;ALCANTARA;Schwarz;4/5;2;16490.00;WVGZZZ1TZKW995677;2026-04-08;2026-09-04;24;https://img.classistatic.de/api/v1/mo-prod/images/4a/4aaf1fc3-ad62-4841-9b39-9a7503fe6282?rule=mo-640.jpg;https://img.classistatic.de/api/v1/mo-prod/images/4a/4aaf1fc3-ad62-4841-9b39-9a7503fe6282?rule=mo-640.jpg | https://img.classistatic.de/api/v1/mo-prod/images/ee/eefe058f-fd30-4fb3-ac21-4a7e74107b46?rule=mo-640.jpg | https://img.classistatic.de/api/v1/mo-prod/images/5a/5a37d73a-ea36-44b8-a20d-b87fe1994c52?rule=mo-640.jpg | https://img.classistatic.de/api/v1/mo-prod/images/a9/a9ff6b5d-bf1f-45c7-98a6-e30a373edc96?rule=mo-640.jpg | https://img.classistatic.de/api/v1/mo-prod/images/f3/f337dc74-79d6-4b8f-9ce2-decc9e2346e4?rule=mo-640.jpg | https://img.classistatic.de/api/v1/mo-prod/images/e1/e122e7f7-026c-436b-89ea-ae1ccd53d174?rule=mo-640.jpg | https://img.classistatic.de/api/v1/mo-prod/images/d6/d6963097-0c35-418b-a16b-fbe638dd9d93?rule=mo-640.jpg | https://img.classistatic.de/api/v1/mo-prod/images/f2/f20eb2f1-d623-4082-a5d0-fb6aa4b3b9d4?rule=mo-640.jpg | https://img.classistatic.de/api/v1/mo-prod/images/87/8705c91c-1598-44c7-8bf7-bde206cc0478?rule=mo-640.jpg | https://img.classistatic.de/api/v1/mo-prod/images/42/42c15afc-1853-4fcf-b590-b335ee8b6ad1?rule=mo-640.jpg | https://img.classistatic.de/api/v1/mo-prod/images/20/20188067-b2e0-47b3-9774-d61419348439?rule=mo-640.jpg | https://img.classistatic.de/api/v1/mo-prod/images/ae/ae52c090-809e-4c18-982b-bc4e15d6f581?rule=mo-640.jpg | https://img.classistatic.de/api/v1/mo-prod/images/85/856b32fd-f2f5-4120-a56d-602d688d3ebd?rule=mo-640.jpg | https://img.classistatic.de/api/v1/mo-prod/images/1d/1d5f9ce9-96e2-418e-96cd-8385762707a8?rule=mo-640.jpg | https://img.classistatic.de/api/v1/mo-prod/images/fa/fae96658-48bd-4a1c-916d-e1679b8b2675?rule=mo-640.jpg | https://img.classistatic.de/api/v1/mo-prod/images/fc/fcb58e4a-d3ad-4595-a643-af00fb979f22?rule=mo-640.jpg | https://img.classistatic.de/api/v1/mo-prod/images/c5/c5e08350-92f6-43e8-8652-4ad63612fc99?rule=mo-640.jpg | https://img.classistatic.de/api/v1/mo-prod/images/86/862234dd-fc7a-4f64-8fd8-fc217871c395?rule=mo-640.jpg | https://img.classistatic.de/api/v1/mo-prod/images/61/61516f1d-6afb-4a19-bc7b-d72272bf47af?rule=mo-640.jpg | https://img.classistatic.de/api/v1/mo-prod/images/54/54067582-ef43-45ab-9d6a-af02783764da?rule=mo-640.jpg | https://img.classistatic.de/api/v1/mo-prod/images/93/93ced407-aba9-418d-b1f0-20102596b730?rule=mo-640.jpg | https://img.classistatic.de/api/v1/mo-prod/images/6d/6dff9d06-56ba-4164-81bc-0596a1eb4c91?rule=mo-640.jpg | https://img.classistatic.de/api/v1/mo-prod/images/18/189e4bb2-fa71-45f9-9a64-a93189449623?rule=mo-640.jpg | https://img.classistatic.de/api/v1/mo-prod/images/f9/f9726805-65c2-47f9-a67f-cccdc017d709?rule=mo-640.jpg
